query_id,baseline_config_id,hierarchy_config_id,search_scope,top_k,specificity,target_document_codes,baseline_precision,hierarchy_precision,delta_precision,baseline_recall,hierarchy_recall,delta_recall,baseline_f1,hierarchy_f1,delta_f1,baseline_r_precision,hierarchy_r_precision,delta_r_precision,baseline_mrr,hierarchy_mrr,delta_mrr,baseline_ndcg,hierarchy_ndcg,delta_ndcg
q4eu_001,fs_256_50,hier_paragraph,target_acts,10,H,E,0.12,0.375,0.255,1.0,1.0,0.0,0.21428571428571425,0.5454545454545454,0.33116883116883117,0.6666666666666666,1.0,0.33333333333333337,1.0,1.0,0.0,0.9325210919548239,1.0,0.06747890804517609
q4eu_001,sem_50_256,hier_paragraph,target_acts,10,H,E,0.2,0.375,0.175,1.0,1.0,0.0,0.33333333333333337,0.5454545454545454,0.21212121212121204,0.6666666666666666,1.0,0.33333333333333337,1.0,1.0,0.0,0.9469024295259745,1.0,0.053097570474025524
q4eu_002,fs_256_50,hier_paragraph,target_acts,10,N,E,0.08333333333333333,0.1111111111111111,0.027777777777777776,1.0,0.5,-0.5,0.15384615384615385,0.1818181818181818,0.02797202797202794,0.5,0.0,-0.5,1.0,0.16666666666666666,-0.8333333333333334,0.778842958530688,0.21840743681816419,-0.5604355217125238
q4eu_002,sem_50_256,hier_paragraph,target_acts,10,N,E,0.14285714285714285,0.1111111111111111,-0.031746031746031744,1.0,0.5,-0.5,0.25,0.1818181818181818,-0.0681818181818182,0.0,0.0,0.0,0.2,0.16666666666666666,-0.033333333333333354,0.3941376571472261,0.21840743681816419,-0.1757302203290619
q4eu_003,fs_256_50,hier_paragraph,target_acts,10,L,E,0.09090909090909091,0.125,0.03409090909090909,1.0,0.5,-0.5,0.16666666666666669,0.2,0.033333333333333326,0.0,0.5,0.5,0.14285714285714285,0.5,0.35714285714285715,0.3754154816562042,0.38685280723454163,0.011437325578337432
q4eu_003,sem_50_256,hier_paragraph,target_acts,10,L,E,0.08333333333333333,0.125,0.04166666666666667,0.5,0.5,0.0,0.14285714285714285,0.2,0.05714285714285716,0.0,0.5,0.5,0.3333333333333333,0.5,0.16666666666666669,0.3065735963827292,0.38685280723454163,0.08027921085181244
q4eu_004,fs_256_50,hier_paragraph,target_acts,10,N,E,0.09523809523809523,0.2857142857142857,0.19047619047619047,1.0,1.0,0.0,0.17391304347826084,0.4444444444444445,0.27053140096618367,0.0,0.5,0.5,0.25,1.0,0.75,0.5012658353418871,0.9197207891481876,0.4184549538063005
q4eu_004,sem_50_256,hier_paragraph,target_acts,10,N,E,0.2,0.2857142857142857,0.08571428571428569,1.0,1.0,0.0,0.33333333333333337,0.4444444444444445,0.1111111111111111,0.0,0.5,0.5,0.3333333333333333,1.0,0.6666666666666667,0.5706417189553201,0.9197207891481876,0.34907907019286744
q4eu_005,fs_256_50,hier_paragraph,target_acts,10,L,E,0.1111111111111111,0.14285714285714285,0.031746031746031744,1.0,0.5,-0.5,0.19999999999999998,0.22222222222222224,0.022222222222222254,0.5,0.5,0.0,0.5,1.0,0.5,0.5338931479009518,0.6131471927654584,0.0792540448645066
q4eu_005,sem_50_256,hier_paragraph,target_acts,10,L,E,0.16666666666666666,0.14285714285714285,-0.023809523809523808,1.0,0.5,-0.5,0.2857142857142857,0.22222222222222224,-0.06349206349206346,0.5,0.5,0.0,0.5,1.0,0.5,0.5640920940185894,0.6131471927654584,0.049055098746868975
q4eu_006,fs_256_50,hier_paragraph,target_acts,10,N,E,0.07692307692307693,0.2222222222222222,0.14529914529914528,1.0,1.0,0.0,0.14285714285714288,0.3636363636363636,0.22077922077922071,0.5,1.0,0.5,1.0,1.0,0.0,0.7903864795495061,1.0,0.20961352045049386
q4eu_006,sem_50_256,hier_paragraph,target_acts,10,N,E,0.16666666666666666,0.2222222222222222,0.05555555555555555,1.0,1.0,0.0,0.2857142857142857,0.3636363636363636,0.07792207792207789,1.0,1.0,0.0,1.0,1.0,0.0,1.0,1.0,0.0
q4eu_007,fs_256_50,hier_paragraph,target_acts,10,H,E,0.05,0.1111111111111111,0.0611111111111111,1.0,1.0,0.0,0.09523809523809523,0.19999999999999998,0.10476190476190475,0.0,1.0,1.0,0.5,1.0,0.5,0.6309297535714575,1.0,0.36907024642854247
q4eu_007,sem_50_256,hier_paragraph,target_acts,10,H,E,0.09090909090909091,0.1111111111111111,0.020202020202020193,1.0,1.0,0.0,0.16666666666666669,0.19999999999999998,0.0333333333333333,1.0,1.0,0.0,1.0,1.0,0.0,1.0,1.0,0.0
q4eu_008,fs_256_50,hier_paragraph,target_acts,10,L,E,0.0,0.0,0.0,0.0,0.0,0.0,0.0,0.0,0.0,0.0,0.0,0.0,0.0,0.0,0.0,0.0,0.0,0.0
q4eu_008,sem_50_256,hier_paragraph,target_acts,10,L,E,0.0,0.0,0.0,0.0,0.0,0.0,0.0,0.0,0.0,0.0,0.0,0.0,0.0,0.0,0.0,0.0,0.0,0.0
q4eu_009,fs_256_50,hier_paragraph,target_acts,10,H,E,0.13333333333333333,0.2857142857142857,0.15238095238095237,1.0,1.0,0.0,0.23529411764705882,0.4444444444444445,0.20915032679738566,0.5,0.5,0.0,1.0,1.0,0.0,0.8503449055347546,0.9197207891481876,0.06937588361343294
q4eu_009,sem_50_256,hier_paragraph,target_acts,10,H,E,0.15384615384615385,0.2857142857142857,0.13186813186813184,1.0,1.0,0.0,0.2666666666666667,0.4444444444444445,0.17777777777777776,0.5,0.5,0.0,1.0,1.0,0.0,0.8772153153380493,0.9197207891481876,0.04250547381013825
q4eu_010,fs_256_50,hier_paragraph,target_acts,10,H,E,0.07692307692307693,0.16666666666666666,0.08974358974358973,1.0,1.0,0.0,0.14285714285714288,0.2857142857142857,0.14285714285714282,1.0,1.0,0.0,1.0,1.0,0.0,1.0,1.0,0.0
q4eu_010,sem_50_256,hier_paragraph,target_acts,10,H,E,0.14285714285714285,0.16666666666666666,0.023809523809523808,1.0,1.0,0.0,0.25,0.2857142857142857,0.0357142857142857,1.0,1.0,0.0,1.0,1.0,0.0,1.0,1.0,0.0
q4eu_011,fs_256_50,hier_paragraph,target_acts,10,L,E,0.1111111111111111,0.3,0.18888888888888888,0.6,0.6,0.0,0.18750000000000003,0.4,0.2125,0.0,0.4,0.4,0.14285714285714285,0.5,0.35714285714285715,0.26894931859151355,0.4660026449463635,0.19705332635484996
q4eu_011,sem_50_256,hier_paragraph,target_acts,10,L,E,0.21428571428571427,0.3,0.08571428571428572,0.6,0.6,0.0,0.3157894736842105,0.4,0.08421052631578951,0.4,0.4,0.0,1.0,0.5,-0.5,0.5798349018229869,0.4660026449463635,-0.1138322568766234
q4eu_012,fs_256_50,hier_paragraph,target_acts,10,N,E,0.19047619047619047,0.5714285714285714,0.38095238095238093,1.0,1.0,0.0,0.32,0.7272727272727273,0.4072727272727273,0.5,0.75,0.25,0.5,1.0,0.5,0.6560192431408449,0.9828920819566879,0.32687283881584295
q4eu_012,sem_50_256,hier_paragraph,target_acts,10,N,E,0.5714285714285714,0.5714285714285714,0.0,1.0,1.0,0.0,0.7272727272727273,0.7272727272727273,0.0,0.75,0.75,0.0,1.0,1.0,0.0,0.9828920819566879,0.9828920819566879,0.0
q4eu_013,fs_256_50,hier_paragraph,target_acts,10,N,E,0.10526315789473684,0.2222222222222222,0.11695906432748537,1.0,1.0,0.0,0.1904761904761905,0.3636363636363636,0.1731601731601731,0.5,1.0,0.5,1.0,1.0,0.0,0.8772153153380493,1.0,0.1227846846619507
q4eu_013,sem_50_256,hier_paragraph,target_acts,10,N,E,0.3333333333333333,0.2222222222222222,-0.1111111111111111,1.0,1.0,0.0,0.5,0.3636363636363636,-0.1363636363636364,1.0,1.0,0.0,1.0,1.0,0.0,1.0,1.0,0.0
q4eu_014,fs_256_50,hier_paragraph,target_acts,10,N,E,0.1,0.14285714285714285,0.042857142857142844,1.0,0.5,-0.5,0.18181818181818182,0.22222222222222224,0.040404040404040414,0.5,0.5,0.0,0.5,1.0,0.5,0.5287217091005357,0.6131471927654584,0.08442548366492264
q4eu_014,sem_50_256,hier_paragraph,target_acts,10,N,E,0.15384615384615385,0.14285714285714285,-0.010989010989011005,1.0,0.5,-0.5,0.2666666666666667,0.22222222222222224,-0.04444444444444448,0.5,0.5,0.0,0.5,1.0,0.5,0.5714285040141098,0.6131471927654584,0.04171868875134854
q4eu_015,fs_256_50,hier_paragraph,target_acts,10,H,E,0.058823529411764705,0.16666666666666666,0.10784313725490195,1.0,1.0,0.0,0.1111111111111111,0.2857142857142857,0.1746031746031746,1.0,1.0,0.0,1.0,1.0,0.0,1.0,1.0,0.0
q4eu_015,sem_50_256,hier_paragraph,target_acts,10,H,E,0.125,0.16666666666666666,0.04166666666666666,1.0,1.0,0.0,0.2222222222222222,0.2857142857142857,0.06349206349206349,1.0,1.0,0.0,1.0,1.0,0.0,1.0,1.0,0.0
q4eu_016,fs_256_50,hier_paragraph,target_acts,10,N,E,0.13333333333333333,0.2222222222222222,0.08888888888888888,1.0,1.0,0.0,0.23529411764705882,0.3636363636363636,0.12834224598930477,0.5,0.5,0.0,0.5,1.0,0.5,0.6509209298071326,0.8065735963827293,0.15565266657559673
q4eu_016,sem_50_256,hier_paragraph,target_acts,10,N,E,0.18181818181818182,0.2222222222222222,0.04040404040404039,1.0,1.0,0.0,0.3076923076923077,0.3636363636363636,0.05594405594405588,1.0,0.5,-0.5,1.0,1.0,0.0,1.0,0.8065735963827293,-0.1934264036172707
q4eu_017,fs_256_50,hier_paragraph,target_acts,10,L,E,0.13333333333333333,0.3333333333333333,0.19999999999999998,1.0,1.0,0.0,0.23529411764705882,0.5,0.2647058823529412,0.5,0.5,0.0,1.0,0.5,-0.5,0.9197207891481876,0.6934264036172708,-0.22629438553091674
q4eu_017,sem_50_256,hier_paragraph,target_acts,10,L,E,0.18181818181818182,0.3333333333333333,0.1515151515151515,1.0,1.0,0.0,0.3076923076923077,0.5,0.1923076923076923,0.5,0.5,0.0,0.5,0.5,0.0,0.6934264036172708,0.6934264036172708,0.0
q4eu_018,fs_256_50,hier_paragraph,target_acts,10,H,G,0.058823529411764705,0.14285714285714285,0.08403361344537814,1.0,1.0,0.0,0.1111111111111111,0.25,0.1388888888888889,0.0,0.0,0.0,0.16666666666666666,0.2,0.033333333333333354,0.3562071871080222,0.38685280723454163,0.030645620126519446
q4eu_018,sem_50_256,hier_paragraph,target_acts,10,H,G,0.1111111111111111,0.14285714285714285,0.031746031746031744,1.0,1.0,0.0,0.19999999999999998,0.25,0.05000000000000002,0.0,0.0,0.0,0.5,0.2,-0.3,0.6309297535714575,0.38685280723454163,-0.2440769463369159
q4eu_019,fs_256_50,hier_paragraph,target_acts,10,N,G,0.05555555555555555,0.125,0.06944444444444445,1.0,1.0,0.0,0.10526315789473684,0.2222222222222222,0.11695906432748537,0.0,0.0,0.0,0.16666666666666666,0.5,0.33333333333333337,0.3562071871080222,0.6309297535714575,0.27472256646343535
q4eu_019,sem_50_256,hier_paragraph,target_acts,10,N,G,0.1,0.125,0.024999999999999994,1.0,1.0,0.0,0.18181818181818182,0.2222222222222222,0.04040404040404039,0.0,0.0,0.0,0.5,0.5,0.0,0.6309297535714575,0.6309297535714575,0.0
q4eu_020,fs_256_50,hier_paragraph,target_acts,10,L,G,0.17647058823529413,0.375,0.19852941176470587,0.5,0.5,0.0,0.2608695652173913,0.42857142857142855,0.16770186335403725,0.16666666666666666,0.5,0.33333333333333337,0.5,1.0,0.5,0.3558460963421822,0.6238470455881189,0.26800094924593665
q4eu_020,sem_50_256,hier_paragraph,target_acts,10,L,G,0.3,0.375,0.07500000000000001,0.5,0.5,0.0,0.37499999999999994,0.42857142857142855,0.0535714285714286,0.3333333333333333,0.5,0.16666666666666669,1.0,1.0,0.0,0.5413753343496285,0.6238470455881189,0.0824717112384904
q4eu_021,fs_256_50,hier_paragraph,target_acts,10,N,G,0.08333333333333333,0.125,0.04166666666666667,0.5,0.5,0.0,0.14285714285714285,0.2,0.05714285714285716,0.0,0.0,0.0,0.16666666666666666,0.25,0.08333333333333334,0.21840743681816419,0.2640681225725909,0.045660685754426694
q4eu_021,sem_50_256,hier_paragraph,target_acts,10,N,G,0.0,0.125,0.125,0.0,0.5,0.5,0.0,0.2,0.2,0.0,0.0,0.0,0.0,0.25,0.25,0.0,0.2640681225725909,0.2640681225725909
q4eu_022,fs_256_50,hier_paragraph,target_acts,10,L,G,0.11764705882352941,0.125,0.00735294117647059,0.4,0.2,-0.2,0.1818181818181818,0.15384615384615385,-0.02797202797202794,0.0,0.2,0.2,0.16666666666666666,0.3333333333333333,0.16666666666666666,0.20214614808791384,0.16958010263680806,-0.03256604545110578
q4eu_022,sem_50_256,hier_paragraph,target_acts,10,L,G,0.2857142857142857,0.125,-0.1607142857142857,0.4,0.2,-0.2,0.3333333333333333,0.15384615384615385,-0.17948717948717946,0.4,0.2,-0.2,0.5,0.3333333333333333,-0.16666666666666669,0.34519134224686937,0.16958010263680806,-0.1756112396100613
q4eu_023,fs_256_50,hier_paragraph,target_acts,10,N,G,0.1111111111111111,0.25,0.1388888888888889,1.0,1.0,0.0,0.19999999999999998,0.4,0.20000000000000004,0.5,0.5,0.0,0.5,0.5,0.0,0.6240505200038379,0.6509209298071326,0.026870409803294693
q4eu_023,sem_50_256,hier_paragraph,target_acts,10,N,G,0.18181818181818182,0.25,0.06818181818181818,1.0,1.0,0.0,0.3076923076923077,0.4,0.09230769230769231,0.5,0.5,0.0,1.0,0.5,-0.5,0.8503449055347546,0.6509209298071326,-0.19942397572762205
q4eu_024,fs_256_50,hier_paragraph,target_acts,10,H,G,0.14285714285714285,0.3333333333333333,0.19047619047619047,1.0,1.0,0.0,0.25,0.5,0.25,0.3333333333333333,0.6666666666666666,0.3333333333333333,1.0,1.0,0.0,0.7777061538487877,0.9060254355346823,0.12831928168589457
q4eu_024,sem_50_256,hier_paragraph,target_acts,10,H,G,0.375,0.3333333333333333,-0.041666666666666685,1.0,1.0,0.0,0.5454545454545454,0.5,-0.045454545454545414,0.3333333333333333,0.6666666666666666,0.3333333333333333,1.0,1.0,0.0,0.7928654229965442,0.9060254355346823,0.11316001253813812
q4eu_025,fs_256_50,hier_paragraph,target_acts,10,L,G,0.25,0.2,-0.04999999999999999,0.5,0.25,-0.25,0.3333333333333333,0.22222222222222224,-0.11111111111111108,0.25,0.25,0.0,0.3333333333333333,1.0,0.6666666666666667,0.365078802966475,0.3794140541514857,0.014335251185010722
q4eu_025,sem_50_256,hier_paragraph,target_acts,10,L,G,0.2222222222222222,0.2,-0.0222222222222222,0.25,0.25,0.0,0.23529411764705882,0.22222222222222224,-0.013071895424836583,0.25,0.25,0.0,0.5,1.0,0.5,0.24968908577726404,0.3794140541514857,0.12972496837422168
q4eu_026,fs_256_50,hier_paragraph,target_acts,10,H,G,0.05555555555555555,0.1,0.04444444444444445,1.0,1.0,0.0,0.10526315789473684,0.18181818181818182,0.07655502392344499,0.0,1.0,1.0,0.25,1.0,0.75,0.43067655807339306,1.0,0.5693234419266069
q4eu_026,sem_50_256,hier_paragraph,target_acts,10,H,G,0.14285714285714285,0.1,-0.042857142857142844,1.0,1.0,0.0,0.25,0.18181818181818182,-0.06818181818181818,1.0,1.0,0.0,1.0,1.0,0.0,1.0,1.0,0.0
q4eu_027,fs_256_50,hier_paragraph,target_acts,10,H,G,0.045454545454545456,0.1111111111111111,0.06565656565656565,1.0,1.0,0.0,0.08695652173913045,0.19999999999999998,0.11304347826086954,0.0,1.0,1.0,0.5,1.0,0.5,0.6309297535714575,1.0,0.36907024642854247
q4eu_027,sem_50_256,hier_paragraph,target_acts,10,H,G,0.1111111111111111,0.1111111111111111,0.0,1.0,1.0,0.0,0.19999999999999998,0.19999999999999998,0.0,1.0,1.0,0.0,1.0,1.0,0.0,1.0,1.0,0.0
q4eu_028,fs_256_50,hier_paragraph,target_acts,10,N,G,0.1111111111111111,0.2222222222222222,0.1111111111111111,0.5,0.5,0.0,0.1818181818181818,0.30769230769230765,0.12587412587412586,0.25,0.5,0.25,0.5,1.0,0.5,0.369453583111095,0.5855700749881525,0.2161164918770575
q4eu_028,sem_50_256,hier_paragraph,target_acts,10,N,G,0.18181818181818182,0.2222222222222222,0.04040404040404039,0.5,0.5,0.0,0.26666666666666666,0.30769230769230765,0.04102564102564099,0.5,0.5,0.0,1.0,1.0,0.0,0.5855700749881525,0.5855700749881525,0.0
q4eu_029,fs_256_50,hier_paragraph,target_acts,10,N,G,0.06666666666666667,0.14285714285714285,0.07619047619047618,0.5,0.5,0.0,0.11764705882352941,0.22222222222222224,0.10457516339869283,0.5,0.5,0.0,1.0,1.0,0.0,0.6131471927654584,0.6131471927654584,0.0
q4eu_029,sem_50_256,hier_paragraph,target_acts,10,N,G,0.14285714285714285,0.14285714285714285,0.0,0.5,0.5,0.0,0.22222222222222224,0.22222222222222224,0.0,0.5,0.5,0.0,1.0,1.0,0.0,0.6131471927654584,0.6131471927654584,0.0
q4eu_030,fs_256_50,hier_paragraph,target_acts,10,N,G,0.13333333333333333,0.1,-0.033333333333333326,0.5,0.25,-0.25,0.2105263157894737,0.14285714285714288,-0.06766917293233082,0.0,0.25,0.25,0.2,0.5,0.3,0.25651520246291565,0.24630238874073,-0.01021281372218566
q4eu_030,sem_50_256,hier_paragraph,target_acts,10,N,G,0.15384615384615385,0.1,-0.05384615384615385,0.5,0.25,-0.25,0.23529411764705882,0.14285714285714288,-0.09243697478991594,0.25,0.25,0.0,0.3333333333333333,0.5,0.16666666666666669,0.30408378606428305,0.24630238874073,-0.05778139732355306
q4eu_031,fs_256_50,hier_paragraph,target_acts,10,H,G,0.07692307692307693,0.25,0.17307692307692307,0.3333333333333333,0.6666666666666666,0.3333333333333333,0.125,0.36363636363636365,0.23863636363636365,0.3333333333333333,0.6666666666666666,0.3333333333333333,0.5,0.5,0.0,0.2960819109658652,0.5307212739772434,0.23463936301137822
q4eu_031,sem_50_256,hier_paragraph,target_acts,10,H,G,0.2222222222222222,0.25,0.02777777777777779,0.6666666666666666,0.6666666666666666,0.0,0.3333333333333333,0.36363636363636365,0.03030303030303033,0.3333333333333333,0.6666666666666666,0.3333333333333333,0.5,0.5,0.0,0.4632423659320675,0.5307212739772434,0.06747890804517592
q4eu_032,fs_256_50,hier_paragraph,target_acts,10,N,G,0.1,0.2222222222222222,0.1222222222222222,0.6666666666666666,0.6666666666666666,0.0,0.1739130434782609,0.3333333333333333,0.15942028985507242,0.3333333333333333,0.3333333333333333,0.0,0.3333333333333333,1.0,0.6666666666666667,0.40179981797758046,0.6508205185601091,0.24902070058252868
q4eu_032,sem_50_256,hier_paragraph,target_acts,10,N,G,0.2727272727272727,0.2222222222222222,-0.0505050505050505,1.0,0.6666666666666666,-0.33333333333333337,0.42857142857142855,0.3333333333333333,-0.09523809523809523,0.3333333333333333,0.3333333333333333,0.0,1.0,1.0,0.0,0.8194270280062366,0.6508205185601091,-0.16860650944612743
q4eu_033,fs_256_50,hier_paragraph,target_acts,10,L,G,0.4,1.0,0.6,1.0,1.0,0.0,0.5714285714285715,1.0,0.4285714285714285,0.8333333333333334,1.0,0.16666666666666663,1.0,1.0,0.0,0.9838048780283076,1.0,0.016195121971692372
q4eu_033,sem_50_256,hier_paragraph,target_acts,10,L,G,0.75,1.0,0.25,1.0,1.0,0.0,0.8571428571428571,1.0,0.1428571428571429,1.0,1.0,0.0,1.0,1.0,0.0,1.0,1.0,0.0
q4eu_034,fs_256_50,hier_paragraph,target_acts,10,L,B,0.17647058823529413,0.2857142857142857,0.10924369747899157,1.0,0.6666666666666666,-0.33333333333333337,0.3,0.4,0.10000000000000003,0.0,0.0,0.0,0.25,0.16666666666666666,-0.08333333333333334,0.49418556194058083,0.3235866969737877,-0.1705988649667931
q4eu_034,sem_50_256,hier_paragraph,target_acts,10,L,B,0.3333333333333333,0.2857142857142857,-0.047619047619047616,1.0,0.6666666666666666,-0.33333333333333337,0.5,0.4,-0.09999999999999998,0.0,0.0,0.0,0.16666666666666666,0.16666666666666666,0.0,0.4716276524567204,0.3235866969737877,-0.14804095548293267
q4eu_035,fs_256_50,hier_paragraph,target_acts,10,N,B,0.16,0.3333333333333333,0.1733333333333333,1.0,0.75,-0.25,0.2758620689655173,0.46153846153846156,0.18567639257294427,0.25,0.5,0.25,1.0,1.0,0.0,0.6901559429199673,0.6886342695939197,-0.001521673326047579
q4eu_035,sem_50_256,hier_paragraph,target_acts,10,N,B,0.2727272727272727,0.3333333333333333,0.06060606060606061,0.75,0.75,0.0,0.39999999999999997,0.46153846153846156,0.0615384615384616,0.25,0.5,0.25,1.0,1.0,0.0,0.6380228380792293,0.6886342695939197,0.050611431514690386
q4eu_036,fs_256_50,hier_paragraph,target_acts,10,N,RI,0.04,0.1111111111111111,0.0711111111111111,0.25,0.25,0.0,0.06896551724137932,0.15384615384615383,0.0848806366047745,0.0,0.25,0.25,0.125,1.0,0.875,0.123151194370365,0.3903800499921017,0.2672288556217367
q4eu_036,sem_50_256,hier_paragraph,target_acts,10,N,RI,0.0625,0.1111111111111111,0.048611111111111105,0.25,0.25,0.0,0.1,0.15384615384615383,0.05384615384615382,0.25,0.25,0.0,1.0,1.0,0.0,0.3903800499921017,0.3903800499921017,0.0
q4eu_037,fs_256_50,hier_paragraph,target_acts,10,H,B,0.13043478260869565,0.3,0.16956521739130434,1.0,1.0,0.0,0.23076923076923078,0.4615384615384615,0.23076923076923073,0.3333333333333333,0.6666666666666666,0.3333333333333333,1.0,1.0,0.0,0.812653045383133,0.8519590445170673,0.03930599913393429
q4eu_037,sem_50_256,hier_paragraph,target_acts,10,H,B,0.375,0.3,-0.07500000000000001,1.0,1.0,0.0,0.5454545454545454,0.4615384615384615,-0.0839160839160839,0.3333333333333333,0.6666666666666666,0.3333333333333333,0.3333333333333333,1.0,0.6666666666666667,0.5391065605018963,0.8519590445170673,0.31285248401517096
q4eu_038,fs_256_50,hier_paragraph,target_acts,10,H,B,0.15,0.2222222222222222,0.07222222222222222,1.0,0.6666666666666666,-0.33333333333333337,0.2608695652173913,0.3333333333333333,0.07246376811594202,0.6666666666666666,0.6666666666666666,0.0,0.5,1.0,0.5,0.7328286204777911,0.7653606369886217,0.0325320165108306
q4eu_038,sem_50_256,hier_paragraph,target_acts,10,H,B,0.16666666666666666,0.2222222222222222,0.05555555555555555,0.6666666666666666,0.6666666666666666,0.0,0.26666666666666666,0.3333333333333333,0.06666666666666665,0.6666666666666666,0.6666666666666666,0.0,0.5,1.0,0.5,0.5307212739772434,0.7653606369886217,0.23463936301137822
q4eu_039,fs_256_50,hier_paragraph,target_acts,10,N,RII,0.47619047619047616,0.5555555555555556,0.07936507936507942,0.45454545454545453,0.22727272727272727,-0.22727272727272727,0.46511627906976744,0.3225806451612903,-0.14253563390847712,0.45454545454545453,0.22727272727272727,-0.22727272727272727,1.0,1.0,0.0,0.5323726060729483,0.5926006319332827,0.06022802586033438
q4eu_039,sem_50_256,hier_paragraph,target_acts,10,N,RII,0.4166666666666667,0.5555555555555556,0.1388888888888889,0.22727272727272727,0.22727272727272727,0.0,0.29411764705882354,0.3225806451612903,0.028462998102466774,0.22727272727272727,0.22727272727272727,0.0,0.3333333333333333,1.0,0.6666666666666667,0.3754240395634658,0.5926006319332827,0.2171765923698169
q4eu_040,fs_256_50,hier_paragraph,target_acts,10,H,RI,0.125,0.25,0.125,0.5,0.5,0.0,0.2,0.3333333333333333,0.1333333333333333,0.25,0.5,0.25,0.5,1.0,0.5,0.3551961498089622,0.5855700749881525,0.2303739251791903
q4eu_040,sem_50_256,hier_paragraph,target_acts,10,H,RI,0.16666666666666666,0.25,0.08333333333333334,0.5,0.5,0.0,0.25,0.3333333333333333,0.08333333333333331,0.5,0.5,0.0,0.5,1.0,0.5,0.4144299250118475,0.5855700749881525,0.171140149976305
q4eu_041,fs_256_50,hier_paragraph,target_acts,10,N,B,0.21739130434782608,0.5714285714285714,0.35403726708074534,1.0,0.8,-0.19999999999999996,0.3571428571428571,0.6666666666666666,0.30952380952380953,0.6,0.6,0.0,1.0,1.0,0.0,0.9274340023311567,0.8357799744028238,-0.09165402792833288
q4eu_041,sem_50_256,hier_paragraph,target_acts,10,N,B,0.36363636363636365,0.5714285714285714,0.20779220779220775,0.8,0.8,0.0,0.5000000000000001,0.6666666666666666,0.16666666666666652,0.6,0.6,0.0,1.0,1.0,0.0,0.8297197050122155,0.8357799744028238,0.0060602693906083305
q4eu_042,fs_256_50,hier_paragraph,target_acts,10,L,RI,0.058823529411764705,0.25,0.19117647058823528,0.5,1.0,0.5,0.10526315789473684,0.4,0.2947368421052632,0.5,0.5,0.0,1.0,1.0,0.0,0.6131471927654584,0.8503449055347546,0.23719771276929624
q4eu_042,sem_50_256,hier_paragraph,target_acts,10,L,RI,0.16666666666666666,0.25,0.08333333333333334,1.0,1.0,0.0,0.2857142857142857,0.4,0.11428571428571432,0.5,0.5,0.0,1.0,1.0,0.0,0.8065735963827293,0.8503449055347546,0.04377130915202532
q4eu_043,fs_256_50,hier_paragraph,target_acts,10,N,B;RI,0.06451612903225806,0.2222222222222222,0.15770609318996415,1.0,1.0,0.0,0.12121212121212122,0.3636363636363636,0.24242424242424238,0.5,1.0,0.5,0.5,1.0,0.5,0.5578858913022597,1.0,0.44211410869774026
q4eu_043,sem_50_256,hier_paragraph,target_acts,10,N,B;RI,0.15384615384615385,0.2222222222222222,0.06837606837606836,1.0,1.0,0.0,0.2666666666666667,0.3636363636363636,0.09696969696969687,1.0,1.0,0.0,1.0,1.0,0.0,1.0,1.0,0.0
q4eu_044,fs_256_50,hier_paragraph,target_acts,10,L,RI,0.3076923076923077,0.42857142857142855,0.12087912087912084,1.0,0.75,-0.25,0.47058823529411764,0.5454545454545454,0.07486631016042777,0.5,0.75,0.25,1.0,1.0,0.0,0.9108532513310018,0.8048099750039491,-0.10604327632705268
q4eu_044,sem_50_256,hier_paragraph,target_acts,10,L,RI,0.4444444444444444,0.42857142857142855,-0.015873015873015872,1.0,0.75,-0.25,0.6153846153846153,0.5454545454545454,-0.0699300699300699,0.5,0.75,0.25,1.0,1.0,0.0,0.9058653015743079,0.8048099750039491,-0.10105532657035876
q4eu_045,fs_256_50,hier_paragraph,target_acts,10,N,B,0.15,0.4,0.25,0.75,1.0,0.25,0.24999999999999997,0.5714285714285715,0.3214285714285715,0.5,1.0,0.5,1.0,1.0,0.0,0.6640031704983295,1.0,0.33599682950167054
q4eu_045,sem_50_256,hier_paragraph,target_acts,10,N,B,0.25,0.4,0.15000000000000002,0.75,1.0,0.25,0.375,0.5714285714285715,0.1964285714285715,0.75,1.0,0.25,1.0,1.0,0.0,0.8318724637288826,1.0,0.16812753627111743
q4eu_046,fs_256_50,hier_paragraph,target_acts,10,H,B,0.17647058823529413,0.3333333333333333,0.15686274509803919,0.6,0.6,0.0,0.2727272727272727,0.42857142857142855,0.15584415584415584,0.6,0.6,0.0,0.5,1.0,0.5,0.5296347172140421,0.7227265726449519,0.1930918554309098
q4eu_046,sem_50_256,hier_paragraph,target_acts,10,H,B,0.3076923076923077,0.3333333333333333,0.025641025641025605,0.8,0.6,-0.20000000000000007,0.4444444444444444,0.42857142857142855,-0.015873015873015872,0.6,0.6,0.0,0.5,1.0,0.5,0.6187149874322765,0.7227265726449519,0.1040115852126754
q4eu_047,fs_256_50,hier_paragraph,target_acts,10,N,W,0.17391304347826086,0.2222222222222222,0.048309178743961345,0.8,0.4,-0.4,0.2857142857142857,0.2857142857142857,0.0,0.0,0.2,0.2,0.1,1.0,0.9,0.33714643394343463,0.4599715079731103,0.12282507402967568
q4eu_047,sem_50_256,hier_paragraph,target_acts,10,N,W,0.16666666666666666,0.2222222222222222,0.05555555555555555,0.4,0.4,0.0,0.23529411764705882,0.2857142857142857,0.05042016806722688,0.2,0.2,0.0,1.0,1.0,0.0,0.44615333764087994,0.4599715079731103,0.013818170332230373
q4eu_048,fs_256_50,hier_paragraph,target_acts,10,L,W,0.14285714285714285,0.1,-0.042857142857142844,0.6666666666666666,0.3333333333333333,-0.3333333333333333,0.23529411764705882,0.15384615384615383,-0.081447963800905,0.3333333333333333,0.3333333333333333,0.0,1.0,0.5,-0.5,0.5893943818208077,0.2960819109658652,-0.2933124708549425
q4eu_048,sem_50_256,hier_paragraph,target_acts,10,L,W,0.125,0.1,-0.024999999999999994,0.3333333333333333,0.3333333333333333,0.0,0.18181818181818182,0.15384615384615383,-0.027972027972027996,0.3333333333333333,0.3333333333333333,0.0,0.5,0.5,0.0,0.2960819109658652,0.2960819109658652,0.0
q4eu_049,fs_256_50,hier_paragraph,target_acts,10,N,W,0.08695652173913043,0.2222222222222222,0.13526570048309178,0.6666666666666666,0.6666666666666666,0.0,0.15384615384615383,0.3333333333333333,0.1794871794871795,0.3333333333333333,0.3333333333333333,0.0,1.0,1.0,0.0,0.5893943818208077,0.6257049680303419,0.0363105862095342
q4eu_049,sem_50_256,hier_paragraph,target_acts,10,N,W,0.07142857142857142,0.2222222222222222,0.15079365079365079,0.3333333333333333,0.6666666666666666,0.3333333333333333,0.11764705882352941,0.3333333333333333,0.2156862745098039,0.3333333333333333,0.3333333333333333,0.0,1.0,1.0,0.0,0.46927872602275644,0.6257049680303419,0.15642624200758548
q4eu_050,fs_256_50,hier_paragraph,target_acts,10,H,W,0.07692307692307693,0.16666666666666666,0.08974358974358973,0.5,0.5,0.0,0.13333333333333336,0.25,0.11666666666666664,0.0,0.5,0.5,0.3333333333333333,1.0,0.6666666666666667,0.3065735963827292,0.6131471927654584,0.3065735963827292
q4eu_050,sem_50_256,hier_paragraph,target_acts,10,H,W,0.14285714285714285,0.16666666666666666,0.023809523809523808,0.5,0.5,0.0,0.22222222222222224,0.25,0.027777777777777762,0.5,0.5,0.0,1.0,1.0,0.0,0.6131471927654584,0.6131471927654584,0.0
q4eu_051,fs_256_50,hier_paragraph,target_acts,10,L,W,0.09090909090909091,0.4444444444444444,0.3535353535353535,0.4,0.8,0.4,0.14814814814814814,0.5714285714285714,0.42328042328042326,0.0,0.8,0.8,0.14285714285714285,1.0,0.8571428571428572,0.19152768402897846,0.8687949224876582,0.6772672384586798
q4eu_051,sem_50_256,hier_paragraph,target_acts,10,L,W,0.25,0.4444444444444444,0.19444444444444442,0.8,0.8,0.0,0.38095238095238093,0.5714285714285714,0.19047619047619047,0.2,0.8,0.6000000000000001,1.0,1.0,0.0,0.6147815658967566,0.8687949224876582,0.25401335659090163
q4eu_052,fs_256_50,hier_paragraph,target_acts,10,H,W,0.06666666666666667,0.14285714285714285,0.07619047619047618,1.0,1.0,0.0,0.125,0.25,0.125,0.0,1.0,1.0,0.06666666666666667,1.0,0.9333333333333333,0.25,1.0,0.75
q4eu_052,sem_50_256,hier_paragraph,target_acts,10,H,W,0.1,0.14285714285714285,0.042857142857142844,1.0,1.0,0.0,0.18181818181818182,0.25,0.06818181818181818,0.0,1.0,1.0,0.5,1.0,0.5,0.6309297535714575,1.0,0.36907024642854247
q4eu_053,fs_256_50,hier_paragraph,target_acts,10,N,W,0.08333333333333333,0.25,0.16666666666666669,0.5,1.0,0.5,0.14285714285714285,0.4,0.2571428571428572,0.5,0.5,0.0,1.0,1.0,0.0,0.6131471927654584,0.8772153153380493,0.26406812257259094
q4eu_053,sem_50_256,hier_paragraph,target_acts,10,N,W,0.16666666666666666,0.25,0.08333333333333334,0.5,1.0,0.5,0.25,0.4,0.15000000000000002,0.5,0.5,0.0,1.0,1.0,0.0,0.6131471927654584,0.8772153153380493,0.26406812257259094
q4eu_054,fs_256_50,hier_paragraph,target_acts,10,L,W,0.0,0.125,0.125,0.0,0.25,0.25,0.0,0.16666666666666666,0.16666666666666666,0.0,0.25,0.25,0.0,0.3333333333333333,0.3333333333333333,0.0,0.19519002499605084,0.19519002499605084
q4eu_054,sem_50_256,hier_paragraph,target_acts,10,L,W,0.14285714285714285,0.125,-0.01785714285714285,0.25,0.25,0.0,0.18181818181818182,0.16666666666666666,-0.015151515151515166,0.25,0.25,0.0,0.25,0.3333333333333333,0.08333333333333331,0.16812753627111746,0.19519002499605084,0.027062488724933387
q4eu_055,fs_256_50,hier_paragraph,target_acts,10,H,W,0.0625,0.14285714285714285,0.08035714285714285,1.0,1.0,0.0,0.11764705882352941,0.25,0.1323529411764706,0.0,0.0,0.0,0.2,0.5,0.3,0.38685280723454163,0.6309297535714575,0.2440769463369159
q4eu_055,sem_50_256,hier_paragraph,target_acts,10,H,W,0.1111111111111111,0.14285714285714285,0.031746031746031744,1.0,1.0,0.0,0.19999999999999998,0.25,0.05000000000000002,1.0,0.0,-1.0,1.0,0.5,-0.5,1.0,0.6309297535714575,-0.36907024642854247
q4eu_056,fs_256_50,hier_paragraph,target_acts,10,L,W,0.2,0.5,0.3,1.0,0.75,-0.25,0.33333333333333337,0.6,0.2666666666666666,0.5,0.5,0.0,1.0,1.0,0.0,0.8094481110121597,0.7095272044910244,-0.09992090652113539
q4eu_056,sem_50_256,hier_paragraph,target_acts,10,L,W,0.3333333333333333,0.5,0.16666666666666669,0.75,0.75,0.0,0.46153846153846156,0.6,0.1384615384615384,0.5,0.5,0.0,1.0,1.0,0.0,0.6886342695939197,0.7095272044910244,0.020892934897104642
q4eu_057,fs_256_50,hier_paragraph,target_acts,10,N,W,0.25,0.42857142857142855,0.17857142857142855,0.75,0.75,0.0,0.375,0.5454545454545454,0.17045454545454541,0.0,0.5,0.5,0.16666666666666666,1.0,0.8333333333333334,0.3797234786375677,0.787702056960637,0.4079785783230693
q4eu_057,sem_50_256,hier_paragraph,target_acts,10,N,W,0.3333333333333333,0.42857142857142855,0.09523809523809523,0.75,0.75,0.0,0.46153846153846156,0.5454545454545454,0.08391608391608385,0.5,0.5,0.0,0.5,1.0,0.5,0.5805485932475565,0.787702056960637,0.20715346371308052
q4eu_058,fs_256_50,hier_paragraph,target_acts,10,N,W,0.15384615384615385,0.25,0.09615384615384615,0.5,0.5,0.0,0.23529411764705882,0.3333333333333333,0.0980392156862745,0.25,0.5,0.25,1.0,1.0,0.0,0.4958756342272121,0.5855700749881525,0.08969444076094041
q4eu_058,sem_50_256,hier_paragraph,target_acts,10,N,W,0.2857142857142857,0.25,-0.0357142857142857,0.5,0.5,0.0,0.36363636363636365,0.3333333333333333,-0.03030303030303033,0.25,0.5,0.25,0.5,1.0,0.5,0.3973220069685352,0.5855700749881525,0.1882480680196173
q4eu_059,fs_256_50,hier_paragraph,target_acts,10,H,W,0.05555555555555555,0.2,0.14444444444444446,0.3333333333333333,0.6666666666666666,0.3333333333333333,0.09523809523809525,0.30769230769230765,0.21245421245421242,0.3333333333333333,0.3333333333333333,0.0,1.0,1.0,0.0,0.46927872602275644,0.6049306994552042,0.13565197343244773
q4eu_059,sem_50_256,hier_paragraph,target_acts,10,H,W,0.08333333333333333,0.2,0.11666666666666668,0.3333333333333333,0.6666666666666666,0.3333333333333333,0.13333333333333333,0.30769230769230765,0.17435897435897432,0.3333333333333333,0.3333333333333333,0.0,0.5,1.0,0.5,0.2960819109658652,0.6049306994552042,0.30884878848933894
q4eu_060,fs_256_50,hier_paragraph,target_acts,10,L,W,0.16666666666666666,0.3,0.13333333333333333,1.0,0.75,-0.25,0.2857142857142857,0.4285714285714285,0.1428571428571428,0.25,0.25,0.0,0.3333333333333333,0.5,0.16666666666666669,0.5070796370556191,0.4766636348460924,-0.03041600220952667
q4eu_060,sem_50_256,hier_paragraph,target_acts,10,L,W,0.23076923076923078,0.3,0.0692307692307692,0.75,0.75,0.0,0.3529411764705882,0.4285714285714285,0.07563025210084029,0.0,0.25,0.25,0.125,0.5,0.375,0.33457809405681904,0.4766636348460924,0.14208554078927338
q4eu_061,fs_256_50,hier_paragraph,target_acts,10,H,W,0.1,0.1111111111111111,0.0111111111111111,1.0,0.5,-0.5,0.18181818181818182,0.1818181818181818,-2.7755575615628914e-17,0.5,0.5,0.0,1.0,1.0,0.0,0.778842958530688,0.6131471927654584,-0.1656957657652296
q4eu_061,sem_50_256,hier_paragraph,target_acts,10,H,W,0.14285714285714285,0.1111111111111111,-0.031746031746031744,1.0,0.5,-0.5,0.25,0.1818181818181818,-0.0681818181818182,0.5,0.5,0.0,1.0,1.0,0.0,0.7841802768331765,0.6131471927654584,-0.1710330840677181
q4eu_062,fs_256_50,hier_paragraph,target_acts,10,H,W,0.0625,0.1111111111111111,0.048611111111111105,0.5,0.5,0.0,0.1111111111111111,0.1818181818181818,0.07070707070707069,0.5,0.5,0.0,1.0,1.0,0.0,0.6131471927654584,0.6131471927654584,0.0
q4eu_062,sem_50_256,hier_paragraph,target_acts,10,H,W,0.1,0.1111111111111111,0.0111111111111111,0.5,0.5,0.0,0.16666666666666669,0.1818181818181818,0.01515151515151511,0.5,0.5,0.0,1.0,1.0,0.0,0.6131471927654584,0.6131471927654584,0.0
q4eu_063,fs_256_50,hier_paragraph,target_acts,10,N,W,0.05555555555555555,0.14285714285714285,0.0873015873015873,0.5,0.5,0.0,0.09999999999999999,0.22222222222222224,0.12222222222222225,0.5,0.5,0.0,0.5,1.0,0.5,0.38685280723454163,0.6131471927654584,0.22629438553091674
q4eu_063,sem_50_256,hier_paragraph,target_acts,10,N,W,0.1,0.14285714285714285,0.042857142857142844,0.5,0.5,0.0,0.16666666666666669,0.22222222222222224,0.05555555555555555,0.5,0.5,0.0,1.0,1.0,0.0,0.6131471927654584,0.6131471927654584,0.0
q4eu_064,fs_256_50,hier_paragraph,target_acts,10,N,W,0.14285714285714285,0.3333333333333333,0.19047619047619047,1.0,1.0,0.0,0.25,0.5,0.25,0.6666666666666666,0.6666666666666666,0.0,1.0,1.0,0.0,0.8962626271568189,0.9066276098484507,0.010364982691631774
q4eu_064,sem_50_256,hier_paragraph,target_acts,10,N,W,0.3,0.3333333333333333,0.033333333333333326,1.0,1.0,0.0,0.4615384615384615,0.5,0.03846153846153849,0.6666666666666666,0.6666666666666666,0.0,1.0,1.0,0.0,0.9217868789962071,0.9066276098484507,-0.015159269147756449
q4eu_065,fs_256_50,hier_paragraph,target_acts,10,L,W,0.3333333333333333,0.5714285714285714,0.23809523809523808,0.6666666666666666,0.6666666666666666,0.0,0.4444444444444444,0.6153846153846153,0.1709401709401709,0.3333333333333333,0.6666666666666666,0.3333333333333333,1.0,1.0,0.0,0.6654038023616565,0.7618870795651186,0.09648327720346206
q4eu_065,sem_50_256,hier_paragraph,target_acts,10,L,W,0.2727272727272727,0.5714285714285714,0.2987012987012987,0.5,0.6666666666666666,0.16666666666666663,0.3529411764705882,0.6153846153846153,0.2624434389140271,0.3333333333333333,0.6666666666666666,0.3333333333333333,1.0,1.0,0.0,0.5107574098602351,0.7618870795651186,0.2511296697048835
q4eu_066,fs_256_50,hier_paragraph,target_acts,10,H,W,0.043478260869565216,0.1,0.05652173913043479,1.0,1.0,0.0,0.08333333333333333,0.18181818181818182,0.0984848484848485,0.0,1.0,1.0,0.5,1.0,0.5,0.6309297535714575,1.0,0.36907024642854247
q4eu_066,sem_50_256,hier_paragraph,target_acts,10,H,W,0.07142857142857142,0.1,0.02857142857142858,1.0,1.0,0.0,0.13333333333333333,0.18181818181818182,0.04848484848484849,1.0,1.0,0.0,1.0,1.0,0.0,1.0,1.0,0.0
q4eu_067,fs_256_50,hier_paragraph,target_acts,10,L,W,0.08333333333333333,0.14285714285714285,0.05952380952380952,0.3333333333333333,0.3333333333333333,0.0,0.13333333333333333,0.2,0.06666666666666668,0.3333333333333333,0.3333333333333333,0.0,1.0,1.0,0.0,0.46927872602275644,0.46927872602275644,0.0
q4eu_067,sem_50_256,hier_paragraph,target_acts,10,L,W,0.16666666666666666,0.14285714285714285,-0.023809523809523808,0.3333333333333333,0.3333333333333333,0.0,0.2222222222222222,0.2,-0.0222222222222222,0.3333333333333333,0.3333333333333333,0.0,0.5,1.0,0.5,0.2960819109658652,0.46927872602275644,0.17319681505689122
q4eu_068,fs_256_50,hier_paragraph,target_acts,10,L,B;RI;RII,0.0,0.1,0.1,0.0,0.16666666666666666,0.16666666666666666,0.0,0.125,0.125,0.0,0.16666666666666666,0.16666666666666666,0.0,1.0,1.0,0.0,0.3026024134988135,0.3026024134988135
q4eu_068,sem_50_256,hier_paragraph,target_acts,10,L,B;RI;RII,0.2,0.1,-0.1,0.3333333333333333,0.16666666666666666,-0.16666666666666666,0.25,0.125,-0.125,0.3333333333333333,0.16666666666666666,-0.16666666666666666,1.0,1.0,0.0,0.41039156802332444,0.3026024134988135,-0.10778915452451093
q4eu_069,fs_256_50,hier_paragraph,target_acts,10,L,RI,0.1,0.2,0.1,0.6,0.4,-0.19999999999999996,0.17142857142857143,0.26666666666666666,0.09523809523809523,0.2,0.4,0.2,0.5,0.3333333333333333,-0.16666666666666669,0.36293492019696055,0.3156484524795145,-0.047286467717446046
q4eu_069,sem_50_256,hier_paragraph,target_acts,10,L,RI,0.13333333333333333,0.2,0.06666666666666668,0.4,0.4,0.0,0.2,0.26666666666666666,0.06666666666666665,0.2,0.4,0.2,0.3333333333333333,0.3333333333333333,0.0,0.2765732350040718,0.3156484524795145,0.03907521747544268
q4eu_070,fs_256_50,hier_paragraph,target_acts,10,H,RII,0.14814814814814814,0.3333333333333333,0.18518518518518517,1.0,0.75,-0.25,0.25806451612903225,0.46153846153846156,0.2034739454094293,0.5,0.75,0.25,1.0,1.0,0.0,0.9058653015743079,0.8318724637288826,-0.07399283784542532
q4eu_070,sem_50_256,hier_paragraph,target_acts,10,H,RII,0.3,0.3333333333333333,0.033333333333333326,0.75,0.75,0.0,0.4285714285714285,0.46153846153846156,0.03296703296703307,0.5,0.75,0.25,1.0,1.0,0.0,0.787702056960637,0.8318724637288826,0.044170406768245574
q4eu_071,fs_256_50,hier_paragraph,target_acts,10,N,B,0.03225806451612903,0.2222222222222222,0.18996415770609318,0.5,1.0,0.5,0.06060606060606061,0.3636363636363636,0.303030303030303,0.5,0.5,0.0,0.5,1.0,0.5,0.38685280723454163,0.8065735963827293,0.41972078914818767
q4eu_071,sem_50_256,hier_paragraph,target_acts,10,N,B,0.08333333333333333,0.2222222222222222,0.1388888888888889,0.5,1.0,0.5,0.14285714285714285,0.3636363636363636,0.22077922077922074,0.5,0.5,0.0,0.5,1.0,0.5,0.38685280723454163,0.8065735963827293,0.41972078914818767
q4eu_072,fs_256_50,hier_paragraph,target_acts,10,L,G,0.11764705882352941,0.0,-0.11764705882352941,0.6666666666666666,0.0,-0.6666666666666666,0.2,0.0,-0.2,0.0,0.0,0.0,0.1111111111111111,0.0,-0.1111111111111111,0.25858665436551814,0.0,-0.25858665436551814
q4eu_072,sem_50_256,hier_paragraph,target_acts,10,L,G,0.15384615384615385,0.0,-0.15384615384615385,0.6666666666666666,0.0,-0.6666666666666666,0.25,0.0,-0.25,0.0,0.0,0.0,0.25,0.0,-0.25,0.35853358850813305,0.0,-0.35853358850813305
