config_id,search_scope,target_document,top_k,query_count,precision,recall,f1,r_precision,mrr,ndcg,retrieved_answer_unit_count,relevant_retrieved_count
fs_128_25,all_acts,B,5,10,0.22326118326118327,0.4533333333333333,0.2857808857808858,0.3333333333333333,0.5700000000000001,0.40944364746058276,8.8,1.6
fs_128_25,all_acts,B,10,10,0.14340890104047999,0.6033333333333333,0.22506962335909705,0.3333333333333333,0.5776923076923077,0.4701821186623801,17.2,2.1
fs_128_25,all_acts,E,5,17,0.23025210084033612,0.788235294117647,0.34601976262875916,0.4480392156862745,0.6558823529411765,0.6411461809929585,7.9411764705882355,1.6470588235294117
fs_128_25,all_acts,E,10,17,0.14242847441718323,0.9058823529411765,0.2426592580207587,0.4480392156862745,0.6558823529411765,0.6812842616812952,13.941176470588236,1.8823529411764706
fs_128_25,all_acts,G,5,17,0.21059757236227825,0.4774509803921569,0.2620151090739326,0.26176470588235295,0.44467787114845936,0.35741165427571614,6.588235294117647,1.3529411764705883
fs_128_25,all_acts,G,10,17,0.17112226009284834,0.707843137254902,0.2548825782162151,0.27156862745098037,0.45056022408963586,0.44971529988953135,12.176470588235293,2.0588235294117645
fs_128_25,all_acts,RI,5,7,0.13815351315351315,0.42142857142857143,0.20118770118770118,0.21428571428571427,0.4035714285714286,0.33872974362557207,10.571428571428571,1.2857142857142858
fs_128_25,all_acts,RI,10,7,0.07533416875522138,0.4928571428571429,0.12781653129479217,0.21428571428571427,0.4035714285714286,0.36173586149545894,19.571428571428573,1.4285714285714286
fs_128_25,all_acts,RII,5,3,0.18803418803418803,0.3106060606060606,0.19607843137254902,0.14393939393939395,0.4166666666666667,0.27620949665906924,12.0,2.3333333333333335
fs_128_25,all_acts,RII,10,3,0.2333333333333333,0.4545454545454546,0.2514619883040936,0.20454545454545456,0.4166666666666667,0.3390898814736539,19.0,4.0
fs_128_25,all_acts,W,5,21,0.2293461829176115,0.5023809523809524,0.2825465539751254,0.28015873015873016,0.6936507936507936,0.4674243000983174,6.333333333333333,1.2857142857142858
fs_128_25,all_acts,W,10,21,0.12655131205551373,0.5357142857142857,0.19473404746513992,0.28015873015873016,0.6936507936507936,0.4722082478279894,11.904761904761905,1.4285714285714286
fs_128_25,pil_acts,B,5,10,0.22326118326118327,0.4533333333333333,0.2857808857808858,0.3333333333333333,0.5700000000000001,0.40944364746058276,8.9,1.6
fs_128_25,pil_acts,B,10,10,0.14507556770714664,0.6033333333333333,0.22717488651699175,0.3333333333333333,0.5776923076923077,0.47121861693154327,16.9,2.1
fs_128_25,pil_acts,RI,5,7,0.12743922743922745,0.42142857142857143,0.1909836195550481,0.21428571428571427,0.4035714285714286,0.33872974362557207,10.857142857142858,1.2857142857142858
fs_128_25,pil_acts,RI,10,7,0.07998866213151927,0.5285714285714286,0.13626373626373628,0.21428571428571427,0.4035714285714286,0.37510986187940126,19.571428571428573,1.5714285714285714
fs_128_25,pil_acts,RII,5,3,0.18803418803418803,0.3106060606060606,0.19607843137254902,0.14393939393939395,0.4166666666666667,0.27620949665906924,12.0,2.3333333333333335
fs_128_25,pil_acts,RII,10,3,0.2333333333333333,0.4545454545454546,0.2514619883040936,0.20454545454545456,0.4166666666666667,0.3390898814736539,18.333333333333332,4.0
fs_128_25,target_acts,B,5,10,0.263003663003663,0.48666666666666664,0.3209090909090909,0.4033333333333333,0.625,0.45130456036950506,8.2,1.7
fs_128_25,target_acts,B,10,10,0.19214285714285714,0.735,0.29989234449760765,0.4033333333333333,0.625,0.559969487089742,15.4,2.6
fs_128_25,target_acts,E,5,17,0.23809523809523808,0.788235294117647,0.35582368419738664,0.4480392156862745,0.6558823529411765,0.6411461809929585,7.705882352941177,1.6470588235294117
fs_128_25,target_acts,E,10,17,0.1463614695266489,0.9058823529411765,0.24850047562668215,0.4480392156862745,0.6558823529411765,0.6812842616812952,13.647058823529411,1.8823529411764706
fs_128_25,target_acts,G,5,17,0.21059757236227825,0.4774509803921569,0.2620151090739326,0.26176470588235295,0.44467787114845936,0.35741165427571614,6.588235294117647,1.3529411764705883
fs_128_25,target_acts,G,10,17,0.17231061422237892,0.707843137254902,0.2565279916263344,0.27156862745098037,0.45056022408963586,0.44971529988953135,12.058823529411764,2.0588235294117645
fs_128_25,target_acts,RI,5,7,0.17821384964242107,0.4571428571428572,0.24581133152561724,0.31428571428571433,0.4571428571428572,0.386990524051232,9.285714285714286,1.4285714285714286
fs_128_25,target_acts,RI,10,7,0.12371794871794872,0.5571428571428572,0.19632216522972826,0.31428571428571433,0.4571428571428572,0.42673573189918557,15.714285714285714,1.7142857142857142
fs_128_25,target_acts,RII,5,3,0.23232323232323235,0.393939393939394,0.2562091503267974,0.14393939393939395,0.4166666666666667,0.3381604966850161,11.333333333333334,2.6666666666666665
fs_128_25,target_acts,RII,10,3,0.2333333333333333,0.4545454545454546,0.2514619883040936,0.20454545454545456,0.4166666666666667,0.3692053178786982,18.333333333333332,4.0
fs_128_25,target_acts,W,5,21,0.23093348450491308,0.5023809523809524,0.28386930529787674,0.28015873015873016,0.696031746031746,0.46951114537635796,6.190476190476191,1.2857142857142858
fs_128_25,target_acts,W,10,21,0.1390304995347012,0.5595238095238095,0.21172195373876046,0.28015873015873016,0.7007936507936507,0.4845512016758946,11.19047619047619,1.5238095238095237
fs_256_50,all_acts,B,5,10,0.18942113442113442,0.5866666666666667,0.27506204579733995,0.295,0.5416666666666667,0.4489011832996802,11.9,2.0
fs_256_50,all_acts,B,10,10,0.10165110488639902,0.6816666666666666,0.17215261308739568,0.295,0.5464285714285715,0.4821082158764144,24.5,2.3
fs_256_50,all_acts,E,5,17,0.14227994227994228,0.7617647058823529,0.23689494857314924,0.36274509803921573,0.5658263305322129,0.5658756842622773,11.0,1.5294117647058822
fs_256_50,all_acts,E,10,17,0.09695491460925808,0.9176470588235294,0.1735631107415965,0.36274509803921573,0.5658263305322129,0.6175656742337319,20.58823529411765,1.9411764705882353
fs_256_50,all_acts,G,5,17,0.18896316102198454,0.6098039215686275,0.2640831820398384,0.20588235294117646,0.42516339869281045,0.39805665062534606,8.882352941176471,1.6470588235294117
fs_256_50,all_acts,G,10,17,0.12664217750722942,0.7098039215686275,0.20001815648941776,0.20588235294117646,0.43496732026143786,0.44097912256499977,17.058823529411764,2.0588235294117645
fs_256_50,all_acts,RI,5,7,0.1044060367368638,0.38571428571428573,0.15436230436230436,0.20714285714285713,0.4523809523809524,0.31897601974441164,13.0,1.1428571428571428
fs_256_50,all_acts,RI,10,7,0.06770503073024081,0.4857142857142857,0.11573511455864396,0.20714285714285713,0.45918367346938777,0.3559986256628442,24.428571428571427,1.5714285714285714
fs_256_50,all_acts,RII,5,3,0.1978021978021978,0.393939393939394,0.23093681917211328,0.2272727272727273,0.6666666666666666,0.4483407870405609,12.666666666666666,2.6666666666666665
fs_256_50,all_acts,RII,10,3,0.20470717022441157,0.48484848484848486,0.23584684049800328,0.3181818181818182,0.6666666666666666,0.4794126358824187,23.666666666666668,4.666666666666667
fs_256_50,all_acts,W,5,21,0.1396736200307629,0.42777777777777776,0.19749275778687542,0.24206349206349204,0.5845804988662132,0.3877492105321707,9.19047619047619,1.1428571428571428
fs_256_50,all_acts,W,10,21,0.10147107048872331,0.576984126984127,0.1650178045836309,0.24206349206349204,0.5845804988662132,0.44569826621029146,18.38095238095238,1.7142857142857142
fs_256_50,pil_acts,B,5,10,0.18942113442113442,0.5866666666666667,0.27506204579733995,0.295,0.5416666666666667,0.4489011832996802,11.7,2.0
fs_256_50,pil_acts,B,10,10,0.10192583016112429,0.6816666666666666,0.17262880356358618,0.295,0.5472222222222223,0.48279280018328674,24.3,2.3
fs_256_50,pil_acts,RI,5,7,0.1044060367368638,0.38571428571428573,0.15436230436230436,0.20714285714285713,0.4523809523809524,0.31897601974441164,12.714285714285714,1.1428571428571428
fs_256_50,pil_acts,RI,10,7,0.06430367018602313,0.4857142857142857,0.11083715537497049,0.20714285714285713,0.45918367346938777,0.3570485623933906,24.857142857142858,1.5714285714285714
fs_256_50,pil_acts,RII,5,3,0.1978021978021978,0.393939393939394,0.23093681917211328,0.2272727272727273,0.6666666666666666,0.4483407870405609,12.0,2.6666666666666665
fs_256_50,pil_acts,RII,10,3,0.20470717022441157,0.48484848484848486,0.23584684049800328,0.3181818181818182,0.6666666666666666,0.4794126358824187,23.666666666666668,4.666666666666667
fs_256_50,target_acts,B,5,10,0.2189052614052614,0.71,0.3273270030622972,0.39499999999999996,0.625,0.5513513476509191,11.4,2.4
fs_256_50,target_acts,B,10,10,0.1257541456975497,0.7849999999999999,0.21291891766404508,0.39499999999999996,0.625,0.5795633759301801,22.8,2.7
fs_256_50,target_acts,E,5,17,0.15208386384856973,0.7911764705882353,0.25186821060523484,0.4215686274509804,0.6491596638655462,0.6224772291421788,11.0,1.588235294117647
fs_256_50,target_acts,E,10,17,0.09824186901950516,0.9176470588235294,0.17567363503387273,0.4215686274509804,0.6491596638655462,0.6644204093627375,20.294117647058822,1.9411764705882353
fs_256_50,target_acts,G,5,17,0.18896316102198454,0.6098039215686275,0.2640831820398384,0.20588235294117646,0.42516339869281045,0.39805665062534606,8.882352941176471,1.6470588235294117
fs_256_50,target_acts,G,10,17,0.1236758627762088,0.7098039215686275,0.19751796136492833,0.20588235294117646,0.43496732026143786,0.44097912256499977,17.0,2.0588235294117645
fs_256_50,target_acts,RI,5,7,0.14666866746698679,0.4571428571428572,0.21142160213367642,0.2785714285714286,0.5178571428571429,0.38076088332062036,11.285714285714286,1.4285714285714286
fs_256_50,target_acts,RI,10,7,0.09943313801947577,0.55,0.16249394329584663,0.2785714285714286,0.5178571428571429,0.41759551425357255,21.857142857142858,1.8571428571428572
fs_256_50,target_acts,RII,5,3,0.1978021978021978,0.393939393939394,0.23093681917211328,0.2272727272727273,0.6666666666666666,0.4483407870405609,12.0,2.6666666666666665
fs_256_50,target_acts,RII,10,3,0.20811287477954143,0.48484848484848486,0.24106026506626654,0.3181818181818182,0.6666666666666666,0.4794126358824187,23.0,4.666666666666667
fs_256_50,target_acts,W,5,21,0.15343023378737664,0.46349206349206346,0.2164986057400918,0.25396825396825395,0.6321995464852608,0.4188368808654549,8.952380952380953,1.2857142857142858
fs_256_50,target_acts,W,10,21,0.11577070847257181,0.6722222222222223,0.18906954649251567,0.25396825396825395,0.6353741496598639,0.4936266634569262,17.095238095238095,1.9523809523809523
fs_64_12,all_acts,B,5,10,0.2753968253968254,0.4583333333333333,0.3317288267288267,0.3466666666666667,0.5619047619047619,0.4426258596923767,6.7,1.6
fs_64_12,all_acts,B,10,10,0.18398268398268397,0.5616666666666666,0.27180510665804786,0.3466666666666667,0.5619047619047619,0.4921981654946813,12.4,2.0
fs_64_12,all_acts,E,5,17,0.3408496732026144,0.796078431372549,0.44001782531194295,0.44313725490196076,0.6735294117647058,0.6619476400451797,5.588235294117647,1.5294117647058822
fs_64_12,all_acts,E,10,17,0.2312845651080945,0.8941176470588235,0.35397536911377747,0.4725490196078431,0.6735294117647058,0.6885040588244817,9.176470588235293,1.8235294117647058
fs_64_12,all_acts,G,5,17,0.24376750700280111,0.5191176470588235,0.30709829386299975,0.2936274509803921,0.6225490196078431,0.4642791505330156,5.823529411764706,1.411764705882353
fs_64_12,all_acts,G,10,17,0.21708716120480825,0.7122549019607842,0.30771646653999596,0.3034313725490196,0.634313725490196,0.5531601951615069,9.941176470588236,2.0588235294117645
fs_64_12,all_acts,RI,5,7,0.15249433106575963,0.38095238095238093,0.2118048618048618,0.2857142857142857,0.663265306122449,0.4079982809715573,8.0,1.1428571428571428
fs_64_12,all_acts,RI,10,7,0.12263867085295656,0.48095238095238096,0.18998090464255876,0.2857142857142857,0.6721938775510204,0.450247106108013,13.857142857142858,1.5714285714285714
fs_64_12,all_acts,RII,5,3,0.24074074074074073,0.18434343434343434,0.16715506715506714,0.04545454545454545,0.2253968253968254,0.21376707219278823,8.0,1.6666666666666667
fs_64_12,all_acts,RII,10,3,0.2027777777777778,0.29797979797979796,0.19645191409897292,0.07575757575757576,0.2253968253968254,0.2465449614782944,14.333333333333334,2.6666666666666665
fs_64_12,all_acts,W,5,21,0.2376984126984127,0.4507936507936508,0.27887694316265743,0.37936507936507935,0.7261904761904762,0.48266994748587355,5.666666666666667,1.1904761904761905
fs_64_12,all_acts,W,10,21,0.16385342015594115,0.5873015873015873,0.24040086897229754,0.37936507936507935,0.7388888888888889,0.5356718913498052,10.571428571428571,1.619047619047619
fs_64_12,pil_acts,B,5,10,0.29539682539682544,0.4583333333333333,0.3444272394272394,0.36333333333333334,0.5676190476190477,0.4520628571365072,6.5,1.6
fs_64_12,pil_acts,B,10,10,0.18831349206349207,0.5616666666666666,0.2757311805841217,0.36333333333333334,0.5676190476190477,0.5060589355818113,12.2,2.0
fs_64_12,pil_acts,RI,5,7,0.21882086167800452,0.41666666666666663,0.266999666999667,0.34523809523809523,0.6714285714285715,0.43433008929195877,7.571428571428571,1.2857142857142858
fs_64_12,pil_acts,RI,10,7,0.13275771847200418,0.48095238095238096,0.19956655708535406,0.34523809523809523,0.6816326530612244,0.461006043971539,13.714285714285714,1.5714285714285714
fs_64_12,pil_acts,RII,5,3,0.27777777777777773,0.2676767676767677,0.2184371184371184,0.101010101010101,0.24444444444444446,0.2602158443068074,8.0,2.0
fs_64_12,pil_acts,RII,10,3,0.20734126984126985,0.29797979797979796,0.20241632006337892,0.1313131313131313,0.24444444444444446,0.25537868647600176,14.0,2.6666666666666665
fs_64_12,target_acts,B,5,10,0.44896825396825396,0.6366666666666666,0.49373015873015874,0.5033333333333333,0.7842857142857143,0.6465965240776007,5.4,2.1
fs_64_12,target_acts,B,10,10,0.24041666666666667,0.735,0.3523509823509824,0.5233333333333333,0.7842857142857143,0.6757455530434704,11.0,2.5
fs_64_12,target_acts,E,5,17,0.3545751633986928,0.796078431372549,0.4540234275528393,0.44313725490196076,0.6735294117647058,0.6646335627366166,5.411764705882353,1.5294117647058822
fs_64_12,target_acts,E,10,17,0.2406216332686921,0.8941176470588235,0.36526473334431814,0.4725490196078431,0.6735294117647058,0.6911899815159185,8.941176470588236,1.8235294117647058
fs_64_12,target_acts,G,5,17,0.24376750700280111,0.5191176470588235,0.30709829386299975,0.2936274509803921,0.6225490196078431,0.4642791505330156,5.823529411764706,1.411764705882353
fs_64_12,target_acts,G,10,17,0.22338968221321162,0.7122549019607842,0.3115949410067057,0.3034313725490196,0.634313725490196,0.5534782562248483,9.882352941176471,2.0588235294117645
fs_64_12,target_acts,RI,5,7,0.22392290249433106,0.41666666666666663,0.271978021978022,0.34523809523809523,0.6714285714285715,0.43433008929195877,7.142857142857143,1.2857142857142858
fs_64_12,target_acts,RI,10,7,0.17193223443223443,0.588095238095238,0.2548062287115803,0.34523809523809523,0.6857142857142857,0.5026335745633772,12.428571428571429,1.8571428571428572
fs_64_12,target_acts,RII,5,3,0.2989417989417989,0.2676767676767677,0.2370851370851371,0.2676767676767677,0.2888888888888889,0.2899314271964734,7.333333333333333,2.0
fs_64_12,target_acts,RII,10,3,0.28345959595959597,0.4646464646464647,0.29797979797979796,0.29797979797979796,0.2888888888888889,0.3697111849536339,13.0,3.3333333333333335
fs_64_12,target_acts,W,5,21,0.2376984126984127,0.4507936507936508,0.27887694316265743,0.37936507936507935,0.7261904761904762,0.48266994748587355,5.571428571428571,1.1904761904761905
fs_64_12,target_acts,W,10,21,0.1700531727842652,0.5992063492063492,0.24931417788560647,0.37936507936507935,0.7428571428571429,0.5406954905990963,10.142857142857142,1.6666666666666667
hier_article,all_acts,B,5,10,0.32,0.4533333333333333,0.36278499278499277,0.42833333333333334,0.7333333333333333,0.5063232075052102,5.0,1.6
hier_article,all_acts,B,10,10,0.21000000000000002,0.5816666666666667,0.3013003663003663,0.445,0.7476190476190476,0.5654707622403901,10.0,2.1
hier_article,all_acts,E,5,17,0.2823529411764706,0.6852941176470588,0.38417366946778714,0.538235294117647,0.6784313725490196,0.6204168150946802,5.0,1.411764705882353
hier_article,all_acts,E,10,17,0.17058823529411768,0.7823529411764706,0.2712797006914654,0.538235294117647,0.6784313725490196,0.6612934842797935,10.0,1.7058823529411764
hier_article,all_acts,G,5,17,0.3058823529411765,0.5803921568627451,0.36103308456249633,0.44313725490196076,0.6715686274509803,0.5610919873947801,5.0,1.5294117647058822
hier_article,all_acts,G,10,17,0.19411764705882353,0.6980392156862746,0.28309892721657426,0.45294117647058824,0.6848039215686275,0.597702875840564,10.0,1.9411764705882353
hier_article,all_acts,RI,5,7,0.2285714285714286,0.3738095238095238,0.27223252937538656,0.26666666666666666,0.6952380952380952,0.39244194607216604,5.0,1.1428571428571428
hier_article,all_acts,RI,10,7,0.2,0.6047619047619047,0.29149659863945576,0.29047619047619044,0.6952380952380952,0.5031477960603515,10.0,2.0
hier_article,all_acts,RII,5,3,0.39999999999999997,0.2676767676767677,0.2828282828282828,0.2676767676767677,0.8333333333333334,0.4847883324919369,5.0,2.0
hier_article,all_acts,RII,10,3,0.26666666666666666,0.4065656565656566,0.28869047619047616,0.32323232323232326,0.8333333333333334,0.48760317625799576,10.0,2.6666666666666665
hier_article,all_acts,W,5,21,0.2857142857142857,0.5253968253968254,0.3455885384456813,0.43809523809523804,0.8492063492063492,0.5720166747827653,5.0,1.4285714285714286
hier_article,all_acts,W,10,21,0.17142857142857143,0.6023809523809524,0.254026529026529,0.44603174603174606,0.8492063492063492,0.6050434161120342,10.0,1.7142857142857142
hier_article,pil_acts,B,5,10,0.32,0.4533333333333333,0.36278499278499277,0.42833333333333334,0.7333333333333333,0.5063232075052102,5.0,1.6
hier_article,pil_acts,B,10,10,0.21000000000000002,0.5816666666666667,0.3013003663003663,0.445,0.75,0.5671056834789898,10.0,2.1
hier_article,pil_acts,RI,5,7,0.2857142857142857,0.44523809523809527,0.33572459286745004,0.3380952380952381,0.6952380952380952,0.4443444548246186,5.0,1.4285714285714286
hier_article,pil_acts,RI,10,7,0.2,0.6047619047619047,0.29149659863945576,0.3619047619047619,0.6952380952380952,0.5165956101211647,10.0,2.0
hier_article,pil_acts,RII,5,3,0.39999999999999997,0.2676767676767677,0.2828282828282828,0.2676767676767677,0.8333333333333334,0.4847883324919369,5.0,2.0
hier_article,pil_acts,RII,10,3,0.26666666666666666,0.4065656565656566,0.28869047619047616,0.32323232323232326,0.8333333333333334,0.48760317625799576,10.0,2.6666666666666665
hier_article,target_acts,B,5,10,0.4,0.5783333333333334,0.46000721500721503,0.48666666666666664,0.875,0.6189061873545222,5.0,2.0
hier_article,target_acts,B,10,10,0.27999999999999997,0.8150000000000001,0.40807692307692306,0.5033333333333333,0.875,0.7288014987724248,10.0,2.8
hier_article,target_acts,E,5,17,0.3058823529411765,0.7441176470588236,0.4177871148459384,0.538235294117647,0.6784313725490196,0.6514836530443967,5.0,1.5294117647058822
hier_article,target_acts,E,10,17,0.17058823529411768,0.7823529411764706,0.2712797006914654,0.538235294117647,0.6784313725490196,0.6715086414313869,10.0,1.7058823529411764
hier_article,target_acts,G,5,17,0.3058823529411765,0.5803921568627451,0.36103308456249633,0.44313725490196076,0.6715686274509803,0.5610919873947801,5.0,1.5294117647058822
hier_article,target_acts,G,10,17,0.19411764705882353,0.6980392156862746,0.28309892721657426,0.45294117647058824,0.6848039215686275,0.597702875840564,10.0,1.9411764705882353
hier_article,target_acts,RI,5,7,0.2857142857142857,0.44523809523809527,0.33572459286745004,0.3738095238095238,0.7142857142857143,0.46182234900145547,5.0,1.4285714285714286
hier_article,target_acts,RI,10,7,0.21428571428571427,0.6404761904761905,0.31190476190476196,0.3976190476190476,0.7142857142857143,0.5571112613635368,10.0,2.142857142857143
hier_article,target_acts,RII,5,3,0.4666666666666666,0.351010101010101,0.35690235690235683,0.351010101010101,0.8333333333333334,0.5578682991638692,5.0,2.3333333333333335
hier_article,target_acts,RII,10,3,0.3,0.4217171717171717,0.30952380952380953,0.4217171717171717,0.8333333333333334,0.5408396742061236,10.0,3.0
hier_article,target_acts,W,5,21,0.29523809523809524,0.5373015873015873,0.3561705490276919,0.44999999999999996,0.861111111111111,0.5800227479385329,5.0,1.4761904761904763
hier_article,target_acts,W,10,21,0.18095238095238098,0.6301587301587301,0.2681552574409717,0.457936507936508,0.861111111111111,0.6195091070502992,10.0,1.8095238095238095
hier_paragraph,all_acts,B,5,10,0.425,0.545,0.45826118326118326,0.5116666666666666,0.85,0.6251473381061368,4.6,1.9
hier_paragraph,all_acts,B,10,10,0.2,0.545,0.28484432234432233,0.5116666666666666,0.85,0.6000174543049535,9.6,1.9
hier_paragraph,all_acts,E,5,17,0.3490196078431373,0.7000000000000001,0.45172735760971056,0.6264705882352941,0.7941176470588235,0.6904803953797207,4.235294117647059,1.4705882352941178
hier_paragraph,all_acts,E,10,17,0.21232492997198876,0.7999999999999999,0.3254732195908666,0.6264705882352941,0.8039215686274509,0.7338349565987452,8.117647058823529,1.7058823529411764
hier_paragraph,all_acts,G,5,17,0.3735294117647059,0.6392156862745099,0.4247500865147924,0.4235294117647059,0.6931372549019608,0.5867116944507367,4.588235294117647,1.7058823529411764
hier_paragraph,all_acts,G,10,17,0.21657329598506067,0.6490196078431373,0.29714697067638246,0.4333333333333333,0.6931372549019608,0.5669529235369712,8.529411764705882,1.7647058823529411
hier_paragraph,all_acts,RI,5,7,0.33571428571428574,0.47380952380952385,0.37903525046382186,0.47380952380952385,0.9047619047619048,0.5483803790251967,4.714285714285714,1.5714285714285714
hier_paragraph,all_acts,RI,10,7,0.18888888888888888,0.5452380952380953,0.2726975405546834,0.47380952380952385,0.9047619047619048,0.574358899745677,9.285714285714286,1.7142857142857142
hier_paragraph,all_acts,RII,5,3,0.4666666666666666,0.351010101010101,0.35690235690235683,0.351010101010101,1.0,0.5946385219001105,5.0,2.3333333333333335
hier_paragraph,all_acts,RII,10,3,0.32962962962962966,0.3813131313131313,0.30303970223325066,0.3813131313131313,1.0,0.5666710068120151,9.333333333333334,3.0
hier_paragraph,all_acts,W,5,21,0.3412698412698413,0.5357142857142857,0.376832955404384,0.4523809523809524,0.8730158730158729,0.6098530311540623,4.476190476190476,1.4285714285714286
hier_paragraph,all_acts,W,10,21,0.21704459561602418,0.6087301587301587,0.3007415864558722,0.4722222222222222,0.8730158730158729,0.6236356501106316,8.333333333333334,1.7142857142857142
hier_paragraph,pil_acts,B,5,10,0.425,0.545,0.45826118326118326,0.5116666666666666,0.85,0.6272038935024562,4.6,1.9
hier_paragraph,pil_acts,B,10,10,0.2,0.545,0.28484432234432233,0.5116666666666666,0.85,0.6020740097012729,9.6,1.9
hier_paragraph,pil_acts,RI,5,7,0.33571428571428574,0.47380952380952385,0.37903525046382186,0.47380952380952385,0.9047619047619048,0.5483803790251967,4.714285714285714,1.5714285714285714
hier_paragraph,pil_acts,RI,10,7,0.20079365079365077,0.5809523809523809,0.29101255886970173,0.47380952380952385,0.9047619047619048,0.5919519275128718,9.428571428571429,1.8571428571428572
hier_paragraph,pil_acts,RII,5,3,0.4666666666666666,0.351010101010101,0.35690235690235683,0.351010101010101,1.0,0.5946385219001105,5.0,2.3333333333333335
hier_paragraph,pil_acts,RII,10,3,0.32962962962962966,0.3813131313131313,0.30303970223325066,0.3813131313131313,1.0,0.5666710068120151,9.333333333333334,3.0
hier_paragraph,target_acts,B,5,10,0.45499999999999996,0.5700000000000001,0.488023088023088,0.5700000000000001,0.9,0.6643838637782815,4.5,2.0
hier_paragraph,target_acts,B,10,10,0.29904761904761906,0.765,0.417534965034965,0.5700000000000001,0.9166666666666666,0.7297223205002715,8.9,2.6
hier_paragraph,target_acts,E,5,17,0.37254901960784315,0.7294117647058824,0.47973856209150323,0.6264705882352941,0.7941176470588235,0.7110144583322424,4.117647058823529,1.5294117647058822
hier_paragraph,target_acts,E,10,17,0.2225957049486461,0.7999999999999999,0.3382480264833206,0.6264705882352941,0.8039215686274509,0.7423465255754734,7.823529411764706,1.7058823529411764
hier_paragraph,target_acts,G,5,17,0.3735294117647059,0.6392156862745099,0.4247500865147924,0.4235294117647059,0.6931372549019608,0.5867116944507367,4.588235294117647,1.7058823529411764
hier_paragraph,target_acts,G,10,17,0.22497665732959848,0.6490196078431373,0.3016718575542105,0.4333333333333333,0.6931372549019608,0.5669529235369712,8.470588235294118,1.7647058823529411
hier_paragraph,target_acts,RI,5,7,0.38571428571428573,0.5095238095238096,0.4226860441146156,0.5095238095238096,0.9047619047619048,0.5783879929289704,4.571428571428571,1.7142857142857142
hier_paragraph,target_acts,RI,10,7,0.22312925170068026,0.5809523809523809,0.31256243756243757,0.5095238095238096,0.9047619047619048,0.6070508387853266,8.714285714285714,1.8571428571428572
hier_paragraph,target_acts,RII,5,3,0.4666666666666666,0.351010101010101,0.35690235690235683,0.351010101010101,1.0,0.6036593514750882,5.0,2.3333333333333335
hier_paragraph,target_acts,RII,10,3,0.32962962962962966,0.3813131313131313,0.30303970223325066,0.3813131313131313,1.0,0.575691836386993,9.333333333333334,3.0
hier_paragraph,target_acts,W,5,21,0.3595238095238095,0.5476190476190477,0.3970521541950114,0.4642857142857143,0.8968253968253967,0.6215817163321924,4.333333333333333,1.4761904761904763
hier_paragraph,target_acts,W,10,21,0.2384542705971277,0.6603174603174603,0.3313858099572385,0.4841269841269841,0.8968253968253967,0.6527935362191335,8.19047619047619,1.9047619047619047
hier_paragraph_contextualized,all_acts,B,5,10,0.385,0.495,0.4150793650793651,0.495,0.8,0.5901911533226702,4.6,1.7
hier_paragraph_contextualized,all_acts,B,10,10,0.22527777777777777,0.5533333333333333,0.30725940725940726,0.495,0.8,0.5968296310781471,9.0,1.9
hier_paragraph_contextualized,all_acts,E,5,17,0.4372549019607843,0.7000000000000001,0.5112044817927172,0.6558823529411765,0.7843137254901961,0.6971773609654451,3.6470588235294117,1.4705882352941178
hier_paragraph_contextualized,all_acts,E,10,17,0.2553221288515406,0.8117647058823529,0.37567367273249624,0.6558823529411765,0.7941176470588235,0.745034696057345,7.0588235294117645,1.7647058823529411
hier_paragraph_contextualized,all_acts,G,5,17,0.5352941176470588,0.5705882352941176,0.5000323206205559,0.4725490196078431,0.8284313725490197,0.6977869230740315,3.176470588235294,1.4705882352941178
hier_paragraph_contextualized,all_acts,G,10,17,0.34745564892623715,0.7127450980392157,0.4241865977160095,0.49950980392156863,0.8431372549019608,0.6899842724850129,6.352941176470588,2.0
hier_paragraph_contextualized,all_acts,RI,5,7,0.31428571428571433,0.42142857142857143,0.34421768707482997,0.38571428571428573,0.7619047619047619,0.4883464432354871,4.428571428571429,1.2857142857142858
hier_paragraph_contextualized,all_acts,RI,10,7,0.19875283446712017,0.5214285714285715,0.28144712430426716,0.38571428571428573,0.7619047619047619,0.5264223591249304,8.571428571428571,1.5714285714285714
hier_paragraph_contextualized,all_acts,RII,5,3,0.3333333333333333,0.28030303030303033,0.27160493827160487,0.28030303030303033,0.5,0.3961254474584283,5.0,1.6666666666666667
hier_paragraph_contextualized,all_acts,RII,10,3,0.3511904761904762,0.32575757575757575,0.2929292929292929,0.32575757575757575,0.5,0.4483597283277918,8.333333333333334,2.6666666666666665
hier_paragraph_contextualized,all_acts,W,5,21,0.3238095238095238,0.4785714285714286,0.34640967498110353,0.4785714285714286,0.8968253968253967,0.5930706697470373,4.190476190476191,1.2380952380952381
hier_paragraph_contextualized,all_acts,W,10,21,0.23110355253212395,0.615079365079365,0.31280227708799135,0.4984126984126984,0.8968253968253967,0.6357257745220016,7.904761904761905,1.7142857142857142
hier_paragraph_contextualized,pil_acts,B,5,10,0.385,0.495,0.4150793650793651,0.495,0.8,0.5901911533226702,4.6,1.7
hier_paragraph_contextualized,pil_acts,B,10,10,0.23527777777777778,0.5866666666666667,0.32264402264402264,0.495,0.8,0.6103948284213919,9.0,2.0
hier_paragraph_contextualized,pil_acts,RI,5,7,0.3261904761904762,0.4571428571428572,0.3697278911564626,0.42142857142857143,0.7619047619047619,0.5027595698026034,4.571428571428571,1.4285714285714286
hier_paragraph_contextualized,pil_acts,RI,10,7,0.20555555555555555,0.5571428571428572,0.2954331382902811,0.42142857142857143,0.7619047619047619,0.5577423448414728,8.857142857142858,1.7142857142857142
hier_paragraph_contextualized,pil_acts,RII,5,3,0.3333333333333333,0.28030303030303033,0.27160493827160487,0.28030303030303033,0.5,0.3961254474584283,5.0,1.6666666666666667
hier_paragraph_contextualized,pil_acts,RII,10,3,0.3511904761904762,0.32575757575757575,0.2929292929292929,0.32575757575757575,0.5,0.4483597283277918,8.333333333333334,2.6666666666666665
hier_paragraph_contextualized,target_acts,B,5,10,0.51,0.6116666666666666,0.5317460317460317,0.545,0.825,0.6837571323766085,4.3,2.1
hier_paragraph_contextualized,target_acts,B,10,10,0.2894047619047619,0.6983333333333334,0.3955111555111555,0.545,0.825,0.6909931342571538,8.7,2.4
hier_paragraph_contextualized,target_acts,E,5,17,0.47156862745098044,0.7588235294117647,0.5543417366946779,0.6558823529411765,0.7843137254901961,0.7307445209039934,3.6470588235294117,1.588235294117647
hier_paragraph_contextualized,target_acts,E,10,17,0.26022408963585436,0.8117647058823529,0.38155602567367275,0.6558823529411765,0.7941176470588235,0.7537318657366785,6.9411764705882355,1.7647058823529411
hier_paragraph_contextualized,target_acts,G,5,17,0.5352941176470588,0.5705882352941176,0.5000323206205559,0.4725490196078431,0.8284313725490197,0.6977869230740315,3.176470588235294,1.4705882352941178
hier_paragraph_contextualized,target_acts,G,10,17,0.36216153127917833,0.7225490196078431,0.4359513035983624,0.509313725490196,0.8431372549019608,0.6998741275597845,6.352941176470588,2.0588235294117645
hier_paragraph_contextualized,target_acts,RI,5,7,0.3547619047619048,0.4857142857142857,0.3982993197278912,0.4857142857142857,0.7619047619047619,0.5316792802319635,4.571428571428571,1.5714285714285714
hier_paragraph_contextualized,target_acts,RI,10,7,0.2258503401360544,0.5571428571428572,0.3117120974263831,0.4857142857142857,0.7619047619047619,0.5694032977423337,8.285714285714286,1.7142857142857142
hier_paragraph_contextualized,target_acts,RII,5,3,0.3833333333333333,0.28030303030303033,0.2993827160493827,0.28030303030303033,0.5,0.40514627703340605,4.666666666666667,1.6666666666666667
hier_paragraph_contextualized,target_acts,RII,10,3,0.3511904761904762,0.32575757575757575,0.2929292929292929,0.32575757575757575,0.5,0.45738055790276966,8.333333333333334,2.6666666666666665
hier_paragraph_contextualized,target_acts,W,5,21,0.3682539682539683,0.5142857142857143,0.3917611489040061,0.5142857142857143,0.9444444444444444,0.6313949542710349,4.0,1.380952380952381
hier_paragraph_contextualized,target_acts,W,10,21,0.24877173091458804,0.6507936507936508,0.3368245511102654,0.5341269841269841,0.9444444444444444,0.6740500590459991,7.761904761904762,1.8571428571428572
hier_subparagraph,all_acts,B,5,10,0.41000000000000003,0.525,0.4344516594516595,0.525,0.85,0.6314901135745201,4.7,1.8
hier_subparagraph,all_acts,B,10,10,0.21305555555555555,0.5783333333333334,0.3024267399267399,0.525,0.85,0.6198393736871087,9.6,2.0
hier_subparagraph,all_acts,E,5,17,0.33725490196078434,0.6705882352941177,0.43492063492063493,0.5970588235294118,0.7794117647058824,0.667724347895336,4.235294117647059,1.411764705882353
hier_subparagraph,all_acts,E,10,17,0.21232492997198876,0.7999999999999999,0.3254732195908666,0.5970588235294118,0.7892156862745098,0.7239264053977817,8.117647058823529,1.7058823529411764
hier_subparagraph,all_acts,G,5,17,0.3147058823529412,0.5411764705882353,0.3574298250768839,0.3058823529411765,0.538235294117647,0.4571325449159062,4.9411764705882355,1.5294117647058822
hier_subparagraph,all_acts,G,10,17,0.2203548085901027,0.609313725490196,0.2941476823829765,0.33284313725490194,0.538235294117647,0.47220829067322034,9.117647058823529,1.8823529411764706
hier_subparagraph,all_acts,RI,5,7,0.33571428571428574,0.47380952380952385,0.37903525046382186,0.47380952380952385,0.9047619047619048,0.5483803790251967,4.714285714285714,1.5714285714285714
hier_subparagraph,all_acts,RI,10,7,0.18888888888888888,0.5452380952380953,0.2726975405546834,0.47380952380952385,0.9047619047619048,0.574358899745677,9.285714285714286,1.7142857142857142
hier_subparagraph,all_acts,RII,5,3,0.4666666666666666,0.351010101010101,0.35690235690235683,0.351010101010101,1.0,0.5946385219001105,5.0,2.3333333333333335
hier_subparagraph,all_acts,RII,10,3,0.32962962962962966,0.3813131313131313,0.30303970223325066,0.3813131313131313,1.0,0.5666710068120151,9.333333333333334,3.0
hier_subparagraph,all_acts,W,5,21,0.3396825396825397,0.5119047619047619,0.36568405139833715,0.4642857142857143,0.8730158730158729,0.6066544767479286,4.428571428571429,1.380952380952381
hier_subparagraph,all_acts,W,10,21,0.20920256991685562,0.5928571428571429,0.291602577316863,0.4841269841269841,0.8730158730158729,0.6171719017115201,8.333333333333334,1.6666666666666667
hier_subparagraph,pil_acts,B,5,10,0.43,0.5583333333333333,0.45945165945165944,0.525,0.85,0.6496442928282553,4.7,1.9
hier_subparagraph,pil_acts,B,10,10,0.21416666666666667,0.5783333333333334,0.30394189144189143,0.525,0.85,0.6212775074442238,9.5,2.0
hier_subparagraph,pil_acts,RI,5,7,0.33571428571428574,0.47380952380952385,0.37903525046382186,0.47380952380952385,0.9047619047619048,0.5483803790251967,4.714285714285714,1.5714285714285714
hier_subparagraph,pil_acts,RI,10,7,0.20079365079365077,0.5809523809523809,0.29101255886970173,0.47380952380952385,0.9047619047619048,0.5919519275128718,9.428571428571429,1.8571428571428572
hier_subparagraph,pil_acts,RII,5,3,0.4666666666666666,0.351010101010101,0.35690235690235683,0.351010101010101,1.0,0.5946385219001105,5.0,2.3333333333333335
hier_subparagraph,pil_acts,RII,10,3,0.32962962962962966,0.3813131313131313,0.30303970223325066,0.3813131313131313,1.0,0.5666710068120151,9.333333333333334,3.0
hier_subparagraph,target_acts,B,5,10,0.48,0.6116666666666666,0.5114357864357865,0.545,0.9199999999999999,0.7088930324775202,4.6,2.1
hier_subparagraph,target_acts,B,10,10,0.2783333333333333,0.74,0.39545038295038293,0.545,0.9199999999999999,0.730065437559744,9.1,2.5
hier_subparagraph,target_acts,E,5,17,0.37254901960784315,0.7294117647058824,0.47973856209150323,0.6264705882352941,0.7941176470588235,0.7110144583322424,4.117647058823529,1.5294117647058822
hier_subparagraph,target_acts,E,10,17,0.2225957049486461,0.7999999999999999,0.3382480264833206,0.6264705882352941,0.8039215686274509,0.7423465255754734,7.823529411764706,1.7058823529411764
hier_subparagraph,target_acts,G,5,17,0.3147058823529412,0.5411764705882353,0.3574298250768839,0.3058823529411765,0.538235294117647,0.4571325449159062,4.9411764705882355,1.5294117647058822
hier_subparagraph,target_acts,G,10,17,0.2203548085901027,0.609313725490196,0.2941476823829765,0.33284313725490194,0.538235294117647,0.47220829067322034,9.117647058823529,1.8823529411764706
hier_subparagraph,target_acts,RI,5,7,0.38571428571428573,0.5095238095238096,0.4226860441146156,0.5095238095238096,0.9047619047619048,0.5783879929289704,4.571428571428571,1.7142857142857142
hier_subparagraph,target_acts,RI,10,7,0.22312925170068026,0.5809523809523809,0.31256243756243757,0.5095238095238096,0.9047619047619048,0.6070508387853266,8.714285714285714,1.8571428571428572
hier_subparagraph,target_acts,RII,5,3,0.4666666666666666,0.351010101010101,0.35690235690235683,0.351010101010101,1.0,0.6036593514750882,5.0,2.3333333333333335
hier_subparagraph,target_acts,RII,10,3,0.32962962962962966,0.3813131313131313,0.30303970223325066,0.3813131313131313,1.0,0.575691836386993,9.333333333333334,3.0
hier_subparagraph,target_acts,W,5,21,0.353968253968254,0.5238095238095238,0.38114134542705974,0.47619047619047616,0.8968253968253967,0.6183831619260586,4.333333333333333,1.4285714285714286
hier_subparagraph,target_acts,W,10,21,0.23174603174603173,0.6444444444444445,0.3239474810903382,0.496031746031746,0.8968253968253967,0.646820552249614,8.142857142857142,1.8571428571428572
sem_50_128,all_acts,B,5,10,0.36,0.5533333333333333,0.4204040404040404,0.445,0.5700000000000001,0.5069080649205968,5.3,1.9
sem_50_128,all_acts,B,10,10,0.20310606060606062,0.5900000000000001,0.2941154923507865,0.445,0.5700000000000001,0.5246835784194458,10.3,2.1
sem_50_128,all_acts,E,5,17,0.38942577030812325,0.8147058823529412,0.5085434173669467,0.5852941176470587,0.776470588235294,0.737677255798747,4.823529411764706,1.7058823529411764
sem_50_128,all_acts,E,10,17,0.23080579551167785,0.9176470588235294,0.35510829040240804,0.5852941176470587,0.776470588235294,0.778269837479657,9.058823529411764,1.9411764705882353
sem_50_128,all_acts,G,5,17,0.3519607843137255,0.5313725490196078,0.3860946243299185,0.4333333333333333,0.6862745098039216,0.551863999570689,4.235294117647059,1.5294117647058822
sem_50_128,all_acts,G,10,17,0.2814744079449962,0.7294117647058824,0.36890527772880716,0.4774509803921569,0.7098039215686275,0.6189684614593393,8.058823529411764,2.176470588235294
sem_50_128,all_acts,RI,5,7,0.2857142857142857,0.5166666666666667,0.3542156256441971,0.41666666666666663,0.7738095238095238,0.5289706618664439,5.571428571428571,1.5714285714285714
sem_50_128,all_acts,RI,10,7,0.17320457320457322,0.569047619047619,0.2592227567017483,0.41666666666666663,0.7738095238095238,0.5549439824778787,10.857142857142858,1.8571428571428572
sem_50_128,all_acts,RII,5,3,0.39999999999999997,0.2828282828282828,0.2891774891774892,0.1994949494949495,0.3055555555555555,0.33291823779627144,5.666666666666667,2.3333333333333335
sem_50_128,all_acts,RII,10,3,0.3087542087542087,0.4217171717171717,0.3073100207825065,0.1994949494949495,0.3055555555555555,0.36284978804392476,10.0,3.0
sem_50_128,all_acts,W,5,21,0.28968253968253965,0.4785714285714286,0.32921734350305776,0.31984126984126987,0.7658730158730158,0.49192250208311894,4.333333333333333,1.1904761904761905
sem_50_128,all_acts,W,10,21,0.19700326128897558,0.5928571428571429,0.2778932707504136,0.33174603174603173,0.7658730158730158,0.5386348421416308,8.761904761904763,1.6666666666666667
sem_50_128,pil_acts,B,5,10,0.37333333333333335,0.5700000000000001,0.43555555555555553,0.4616666666666666,0.6283333333333333,0.5437307577611754,5.4,2.0
sem_50_128,pil_acts,B,10,10,0.21568181818181817,0.6316666666666666,0.3143956043956044,0.4616666666666666,0.6283333333333333,0.5726015342260514,10.5,2.3
sem_50_128,pil_acts,RI,5,7,0.31428571428571433,0.5404761904761904,0.38220985363842513,0.4404761904761905,0.7857142857142857,0.5451166634994741,5.571428571428571,1.7142857142857142
sem_50_128,pil_acts,RI,10,7,0.19982794982794982,0.6285714285714287,0.2963576106433249,0.4404761904761905,0.7857142857142857,0.5875048426739055,10.857142857142858,2.142857142857143
sem_50_128,pil_acts,RII,5,3,0.4444444444444444,0.3383838383838384,0.33968253968253964,0.255050505050505,0.3333333333333333,0.3705922416066752,6.0,2.6666666666666665
sem_50_128,pil_acts,RII,10,3,0.3314814814814815,0.4772727272727273,0.33998975934459796,0.255050505050505,0.3333333333333333,0.40121008138500863,10.333333333333334,3.3333333333333335
sem_50_128,target_acts,B,5,10,0.4616666666666667,0.6816666666666666,0.5361111111111111,0.5816666666666667,0.8583333333333334,0.6970616858679779,5.2,2.4
sem_50_128,target_acts,B,10,10,0.29715007215007216,0.8066666666666666,0.4253379953379953,0.5816666666666667,0.8583333333333334,0.7510236147276416,9.6,2.8
sem_50_128,target_acts,E,5,17,0.3835434173669468,0.8147058823529412,0.5029411764705882,0.6147058823529411,0.776470588235294,0.7474002062971052,4.9411764705882355,1.7058823529411764
sem_50_128,target_acts,E,10,17,0.2444846003669533,0.9176470588235294,0.3722800075741252,0.6147058823529411,0.776470588235294,0.7879927879780152,8.764705882352942,1.9411764705882353
sem_50_128,target_acts,G,5,17,0.3519607843137255,0.5313725490196078,0.3860946243299185,0.4333333333333333,0.6862745098039216,0.551863999570689,4.235294117647059,1.5294117647058822
sem_50_128,target_acts,G,10,17,0.28987776928953396,0.7294117647058824,0.3734301646066352,0.4774509803921569,0.7098039215686275,0.6189684614593393,8.0,2.176470588235294
sem_50_128,target_acts,RI,5,7,0.3380952380952381,0.569047619047619,0.40818387961245106,0.46904761904761905,0.7904761904761904,0.571564945790984,5.571428571428571,1.8571428571428572
sem_50_128,target_acts,RI,10,7,0.2408091908091908,0.6642857142857144,0.34372928658642943,0.46904761904761905,0.7904761904761904,0.6217017430182196,10.0,2.2857142857142856
sem_50_128,target_acts,RII,5,3,0.5,0.4217171717171717,0.4063492063492064,0.4217171717171717,0.5555555555555555,0.5234590188667062,6.0,3.0
sem_50_128,target_acts,RII,10,3,0.34259259259259256,0.4772727272727273,0.3509787703336091,0.4217171717171717,0.5555555555555555,0.5130264605215847,10.0,3.3333333333333335
sem_50_128,target_acts,W,5,21,0.28968253968253965,0.4785714285714286,0.32921734350305776,0.31984126984126987,0.7896825396825397,0.5001699694667804,4.333333333333333,1.1904761904761905
sem_50_128,target_acts,W,10,21,0.20599797028368458,0.6047619047619047,0.2888085459514031,0.33174603174603173,0.7964852607709749,0.5530788182553257,8.523809523809524,1.7142857142857142
sem_50_256,all_acts,B,5,10,0.27595238095238095,0.4533333333333333,0.32845598845598845,0.4033333333333333,0.55,0.4287029676995906,6.1,1.6
sem_50_256,all_acts,B,10,10,0.16124209124209124,0.5033333333333333,0.23776942355889724,0.4033333333333333,0.5611111111111111,0.4492606329247204,11.3,1.8
sem_50_256,all_acts,E,5,17,0.317296918767507,0.7441176470588236,0.41438757321110264,0.5774509803921568,0.7274509803921569,0.6715406007953059,5.823529411764706,1.5294117647058822
sem_50_256,all_acts,E,10,17,0.18557765763648115,0.888235294117647,0.29578165212840135,0.5774509803921568,0.7274509803921569,0.7269300231282507,11.058823529411764,1.8823529411764706
sem_50_256,all_acts,G,5,17,0.3197478991596639,0.582843137254902,0.3722150398620987,0.3769607843137255,0.7107843137254902,0.5597281334224657,4.705882352941177,1.5294117647058822
sem_50_256,all_acts,G,10,17,0.21398274927686692,0.7049019607843137,0.305111910388727,0.396078431372549,0.7107843137254902,0.5991370373124887,9.294117647058824,2.0
sem_50_256,all_acts,RI,5,7,0.22727272727272727,0.44523809523809527,0.2902248545105688,0.4095238095238095,0.8333333333333333,0.5066102851956216,7.142857142857143,1.4285714285714286
sem_50_256,all_acts,RI,10,7,0.15508459794174081,0.569047619047619,0.23503583251482413,0.4095238095238095,0.8333333333333333,0.5561709511959635,12.857142857142858,1.8571428571428572
sem_50_256,all_acts,RII,5,3,0.27619047619047615,0.18434343434343434,0.203645651921514,0.18434343434343434,0.611111111111111,0.31587341148569476,5.666666666666667,1.6666666666666667
sem_50_256,all_acts,RII,10,3,0.2964646464646465,0.43686868686868685,0.31470588235294117,0.21464646464646464,0.611111111111111,0.4272561990788277,11.0,3.3333333333333335
sem_50_256,all_acts,W,5,21,0.23616780045351474,0.46349206349206346,0.2862502576788291,0.4039682539682539,0.7738095238095238,0.4943711178463759,5.142857142857143,1.1428571428571428
sem_50_256,all_acts,W,10,21,0.1621967979110836,0.584920634920635,0.24079092398420132,0.41587301587301584,0.7738095238095238,0.5501588028029536,10.380952380952381,1.619047619047619
sem_50_256,pil_acts,B,5,10,0.28845238095238096,0.48666666666666664,0.34663780663780663,0.4033333333333333,0.5658333333333333,0.4453860908429971,6.1,1.7
sem_50_256,pil_acts,B,10,10,0.16404761904761905,0.5366666666666666,0.24439407341884123,0.42000000000000004,0.5658333333333333,0.46452079269777313,11.6,1.9
sem_50_256,pil_acts,RI,5,7,0.22727272727272727,0.44523809523809527,0.2902248545105688,0.4095238095238095,0.8333333333333333,0.5066102851956216,7.142857142857143,1.4285714285714286
sem_50_256,pil_acts,RI,10,7,0.16937031222745508,0.6047619047619047,0.2554439957801302,0.4333333333333333,0.8333333333333333,0.5747527908714786,12.857142857142858,2.0
sem_50_256,pil_acts,RII,5,3,0.27619047619047615,0.18434343434343434,0.203645651921514,0.18434343434343434,0.611111111111111,0.31587341148569476,5.666666666666667,1.6666666666666667
sem_50_256,pil_acts,RII,10,3,0.28247863247863253,0.43686868686868685,0.29901960784313725,0.27020202020202017,0.611111111111111,0.4295634268649076,11.666666666666666,3.3333333333333335
sem_50_256,target_acts,B,5,10,0.27321428571428574,0.48666666666666664,0.33800144300144297,0.48666666666666664,0.6833333333333333,0.4965987453076758,6.1,1.7
sem_50_256,target_acts,B,10,10,0.2506235431235431,0.76,0.3691089466089466,0.5033333333333333,0.7,0.625702985644633,11.1,2.7
sem_50_256,target_acts,E,5,17,0.3369047619047619,0.7735294117647059,0.43889737713267124,0.5774509803921568,0.7274509803921569,0.6895743417589958,5.823529411764706,1.588235294117647
sem_50_256,target_acts,E,10,17,0.18286272550978433,0.888235294117647,0.2918600835009504,0.5774509803921568,0.7274509803921569,0.7345379236928791,11.235294117647058,1.8823529411764706
sem_50_256,target_acts,G,5,17,0.3197478991596639,0.582843137254902,0.3722150398620987,0.3769607843137255,0.7107843137254902,0.5597281334224657,4.705882352941177,1.5294117647058822
sem_50_256,target_acts,G,10,17,0.21806771659712837,0.7049019607843137,0.30716606538405844,0.396078431372549,0.7107843137254902,0.5991370373124887,9.294117647058824,2.0
sem_50_256,target_acts,RI,5,7,0.24711399711399712,0.47380952380952385,0.31377273520130666,0.44523809523809527,0.8333333333333333,0.5243390066828467,7.0,1.5714285714285714
sem_50_256,target_acts,RI,10,7,0.18963675213675213,0.6404761904761905,0.2811093668236525,0.46904761904761905,0.8333333333333333,0.6006019537126261,12.428571428571429,2.142857142857143
sem_50_256,target_acts,RII,5,3,0.3761904761904762,0.351010101010101,0.3295715778474399,0.2676767676767677,0.7777777777777778,0.49633996755899706,6.0,2.3333333333333335
sem_50_256,target_acts,RII,10,3,0.3055555555555556,0.43686868686868685,0.32422969187675066,0.35353535353535354,0.7777777777777778,0.5245058881824757,10.666666666666666,3.3333333333333335
sem_50_256,target_acts,W,5,21,0.24331065759637185,0.46349206349206346,0.2919191919191919,0.4039682539682539,0.7738095238095238,0.4943711178463759,5.0,1.1428571428571428
sem_50_256,target_acts,W,10,21,0.17603573675002246,0.6206349206349207,0.2608536499292802,0.41587301587301584,0.7797619047619048,0.5660910929961356,10.19047619047619,1.7619047619047619
sem_50_64,all_acts,B,5,10,0.38333333333333336,0.5083333333333333,0.4193650793650794,0.4583333333333333,0.7,0.5460271215357267,4.7,1.7
sem_50_64,all_acts,B,10,10,0.20027777777777778,0.545,0.28495421245421243,0.4583333333333333,0.7142857142857143,0.5550032081270965,9.6,1.9
sem_50_64,all_acts,E,5,17,0.40154061624649856,0.8029411764705883,0.522735760971055,0.6558823529411765,0.8627450980392156,0.7763116811486862,4.352941176470588,1.6470588235294117
sem_50_64,all_acts,E,10,17,0.2560266530854766,0.9294117647058824,0.38990160166630755,0.6558823529411765,0.8627450980392156,0.832686646710344,8.117647058823529,2.0
sem_50_64,all_acts,G,5,17,0.36876750700280114,0.5901960784313726,0.407361919126625,0.4333333333333333,0.7254901960784315,0.5896007040365591,4.294117647058823,1.5294117647058822
sem_50_64,all_acts,G,10,17,0.28024132730015083,0.7617647058823529,0.3720709029532559,0.46274509803921565,0.7254901960784315,0.6351945887466492,7.823529411764706,2.1176470588235294
sem_50_64,all_acts,RI,5,7,0.2619047619047619,0.41428571428571426,0.3071428571428571,0.34285714285714286,0.6666666666666667,0.43655795368339717,4.857142857142857,1.2857142857142858
sem_50_64,all_acts,RI,10,7,0.17886002886002886,0.5452380952380953,0.2604526425954997,0.34285714285714286,0.6870748299319728,0.5007581810141308,9.857142857142858,1.7142857142857142
sem_50_64,all_acts,RII,5,3,0.39999999999999997,0.29545454545454547,0.2962962962962962,0.21212121212121213,0.27777777777777773,0.33519895719484977,5.0,2.0
sem_50_64,all_acts,RII,10,3,0.3666666666666667,0.3813131313131313,0.3194444444444444,0.24242424242424243,0.3253968253968254,0.3853320193157703,8.666666666666666,3.0
sem_50_64,all_acts,W,5,21,0.31587301587301586,0.4920634920634921,0.34755720470006185,0.47063492063492063,0.8690476190476191,0.586958994975269,4.285714285714286,1.2857142857142858
sem_50_64,all_acts,W,10,21,0.20423452209166493,0.5666666666666667,0.2832963332963333,0.4904761904761905,0.8690476190476191,0.6034864755531322,8.047619047619047,1.619047619047619
sem_50_64,pil_acts,B,5,10,0.4033333333333333,0.525,0.4375468975468976,0.475,0.77,0.5826115655880988,4.7,1.8
sem_50_64,pil_acts,B,10,10,0.20305555555555554,0.545,0.2864327339327339,0.475,0.77,0.5800866566254036,9.6,1.9
sem_50_64,pil_acts,RI,5,7,0.29047619047619044,0.43809523809523815,0.33311688311688314,0.3666666666666667,0.6952380952380952,0.4553015361851602,4.857142857142857,1.4285714285714286
sem_50_64,pil_acts,RI,10,7,0.17626262626262626,0.5452380952380953,0.2577315541601256,0.3666666666666667,0.6952380952380952,0.5030717698672297,10.0,1.7142857142857142
sem_50_64,pil_acts,RII,5,3,0.4666666666666666,0.351010101010101,0.35690235690235683,0.2676767676767677,0.3444444444444444,0.3789339830322971,5.0,2.3333333333333335
sem_50_64,pil_acts,RII,10,3,0.3666666666666667,0.3813131313131313,0.3194444444444444,0.29797979797979796,0.3444444444444444,0.3907303933063344,8.666666666666666,3.0
sem_50_64,target_acts,B,5,10,0.4583333333333333,0.5783333333333334,0.48722943722943723,0.495,0.8400000000000001,0.643046110339045,4.6,2.0
sem_50_64,target_acts,B,10,10,0.25095959595959594,0.6366666666666666,0.350584138084138,0.495,0.8400000000000001,0.6462445004078405,9.0,2.2
sem_50_64,target_acts,E,5,17,0.4172268907563025,0.8029411764705883,0.5361811391223156,0.6852941176470588,0.8627450980392156,0.7835343096582126,4.235294117647059,1.6470588235294117
sem_50_64,target_acts,E,10,17,0.26863169510228335,0.9294117647058824,0.40493428140486964,0.6852941176470588,0.8627450980392156,0.8399092752198706,7.764705882352941,2.0
sem_50_64,target_acts,G,5,17,0.36876750700280114,0.5901960784313726,0.407361919126625,0.4333333333333333,0.7254901960784315,0.5896007040365591,4.294117647058823,1.5294117647058822
sem_50_64,target_acts,G,10,17,0.2900452488687783,0.7715686274509804,0.3818748245218833,0.4725490196078431,0.7254901960784315,0.6415351272480911,7.823529411764706,2.176470588235294
sem_50_64,target_acts,RI,5,7,0.2857142857142857,0.43809523809523815,0.32994227994228,0.3666666666666667,0.7428571428571429,0.4744291863232838,5.0,1.4285714285714286
sem_50_64,target_acts,RI,10,7,0.23408575551432695,0.6166666666666666,0.3266721373864231,0.3666666666666667,0.7428571428571429,0.5663231448181695,9.285714285714286,2.0
sem_50_64,target_acts,RII,5,3,0.5166666666666667,0.351010101010101,0.3846801346801347,0.351010101010101,0.5666666666666667,0.4847790777769334,4.666666666666667,2.3333333333333335
sem_50_64,target_acts,RII,10,3,0.3845238095238095,0.3813131313131313,0.33459595959595956,0.3813131313131313,0.5666666666666667,0.49657548805097074,8.333333333333334,3.0
sem_50_64,target_acts,W,5,21,0.32222222222222224,0.4920634920634921,0.3529993815708102,0.47063492063492063,0.8690476190476191,0.586958994975269,4.142857142857143,1.2857142857142858
sem_50_64,target_acts,W,10,21,0.21878478664192952,0.5785714285714286,0.29973967831110687,0.4904761904761905,0.8758503401360545,0.6096829842831655,7.571428571428571,1.6666666666666667
sem_70_128,all_acts,B,5,10,0.3433333333333333,0.5366666666666666,0.40714285714285714,0.42833333333333334,0.545,0.4923012299363262,5.3,1.8
sem_70_128,all_acts,B,10,10,0.20078282828282829,0.5700000000000001,0.2897098979451921,0.445,0.5616666666666666,0.5118273167989182,9.9,2.0
sem_70_128,all_acts,E,5,17,0.3806022408963585,0.7852941176470588,0.4945378151260504,0.5852941176470587,0.776470588235294,0.719643514835057,4.764705882352941,1.6470588235294117
sem_70_128,all_acts,E,10,17,0.24074259074259075,0.9176470588235294,0.3619795237442296,0.5852941176470587,0.776470588235294,0.7718935197437409,9.0,1.9411764705882353
sem_70_128,all_acts,G,5,17,0.353921568627451,0.5313725490196078,0.3881954646660529,0.45294117647058824,0.6960784313725491,0.5573919151274723,4.176470588235294,1.5294117647058822
sem_70_128,all_acts,G,10,17,0.27307104660045833,0.7220588235294118,0.35991834962423197,0.48970588235294116,0.7196078431372549,0.6198025806300963,8.117647058823529,2.1176470588235294
sem_70_128,all_acts,RI,5,7,0.26666666666666666,0.4928571428571429,0.33844568130282415,0.39285714285714285,0.7380952380952381,0.5081037547460573,5.428571428571429,1.4285714285714286
sem_70_128,all_acts,RI,10,7,0.17897657897657898,0.569047619047619,0.26721476469375627,0.41666666666666663,0.7619047619047619,0.550583506710176,10.571428571428571,1.8571428571428572
sem_70_128,all_acts,RII,5,3,0.3333333333333333,0.2272727272727273,0.22857142857142856,0.14393939393939395,0.2222222222222222,0.28422878784870265,5.666666666666667,2.0
sem_70_128,all_acts,RII,10,3,0.3087542087542087,0.4217171717171717,0.3073100207825065,0.1994949494949495,0.27777777777777773,0.35267534458595184,10.0,3.0
sem_70_128,all_acts,W,5,21,0.3007936507936508,0.4865079365079365,0.3401429258572116,0.3753968253968254,0.7857142857142857,0.5163859815705695,4.285714285714286,1.2380952380952381
sem_70_128,all_acts,W,10,21,0.19690877905163617,0.5928571428571429,0.2781578210149639,0.38730158730158726,0.7857142857142857,0.5573691701719474,8.714285714285714,1.6666666666666667
sem_70_128,pil_acts,B,5,10,0.36,0.5533333333333333,0.4238095238095238,0.445,0.62,0.5308540982248207,5.4,1.9
sem_70_128,pil_acts,B,10,10,0.21896464646464647,0.6116666666666666,0.31480793716087835,0.445,0.62,0.560271102306521,9.9,2.2
sem_70_128,pil_acts,RI,5,7,0.3,0.5166666666666667,0.36860441146155437,0.41666666666666663,0.7738095238095238,0.526721435590396,5.428571428571429,1.5714285714285714
sem_70_128,pil_acts,RI,10,7,0.19456099456099454,0.5928571428571429,0.2867425758182061,0.41666666666666663,0.7738095238095238,0.5677748177149221,10.428571428571429,2.0
sem_70_128,pil_acts,RII,5,3,0.38888888888888884,0.2828282828282828,0.2841269841269842,0.1994949494949495,0.3055555555555555,0.32767004315215953,6.0,2.3333333333333335
sem_70_128,pil_acts,RII,10,3,0.33905723905723906,0.4772727272727273,0.3465257070570163,0.1994949494949495,0.3055555555555555,0.39278840359702616,10.0,3.3333333333333335
sem_70_128,target_acts,B,5,10,0.43666666666666665,0.6116666666666666,0.49380952380952375,0.545,0.845,0.6575757969331975,4.9,2.1
sem_70_128,target_acts,B,10,10,0.2909632034632035,0.7566666666666666,0.4122171945701357,0.545,0.845,0.7198663283465325,9.3,2.7
sem_70_128,target_acts,E,5,17,0.3747198879551821,0.7852941176470588,0.48893557422969186,0.6147058823529411,0.776470588235294,0.7293664653334152,4.882352941176471,1.6470588235294117
sem_70_128,target_acts,E,10,17,0.2510133657192481,0.9176470588235294,0.37475433063668356,0.6147058823529411,0.776470588235294,0.781616470242099,8.764705882352942,1.9411764705882353
sem_70_128,target_acts,G,5,17,0.353921568627451,0.5313725490196078,0.3881954646660529,0.45294117647058824,0.6960784313725491,0.5573919151274723,4.176470588235294,1.5294117647058822
sem_70_128,target_acts,G,10,17,0.2814744079449962,0.7220588235294118,0.36444323650206,0.48970588235294116,0.7196078431372549,0.6198025806300963,8.058823529411764,2.1176470588235294
sem_70_128,target_acts,RI,5,7,0.3238095238095238,0.5452380952380953,0.3945784374355803,0.44523809523809527,0.7785714285714286,0.553169717881906,5.428571428571429,1.7142857142857142
sem_70_128,target_acts,RI,10,7,0.24665334665334665,0.6642857142857144,0.3501934106976124,0.44523809523809527,0.7785714285714286,0.6180924525376555,9.714285714285714,2.2857142857142856
sem_70_128,target_acts,RII,5,3,0.4444444444444444,0.36616161616161613,0.3507936507936508,0.36616161616161613,0.5277777777777778,0.48053682041219054,6.0,2.6666666666666665
sem_70_128,target_acts,RII,10,3,0.35016835016835013,0.4772727272727273,0.35751471804602736,0.36616161616161613,0.5277777777777778,0.5046047827336021,9.666666666666666,3.3333333333333335
sem_70_128,target_acts,W,5,21,0.3047619047619048,0.4865079365079365,0.3433175290318148,0.3753968253968254,0.8095238095238095,0.524633448954231,4.190476190476191,1.2380952380952381
sem_70_128,target_acts,W,10,21,0.20900250543107685,0.6047619047619047,0.29148946291803435,0.38730158730158726,0.8174603174603176,0.5722383603894554,8.380952380952381,1.7142857142857142
sem_70_256,all_acts,B,5,10,0.2961904761904762,0.47833333333333333,0.3520923520923521,0.4033333333333333,0.5700000000000001,0.45276573196799996,5.7,1.7
sem_70_256,all_acts,B,10,10,0.1819191919191919,0.5283333333333333,0.26356143856143854,0.4033333333333333,0.58,0.47222119344271124,10.6,1.9
sem_70_256,all_acts,E,5,17,0.3051820728291317,0.7264705882352941,0.40037348272642387,0.5656862745098039,0.7598039215686274,0.6681915526810287,6.0,1.5294117647058822
sem_70_256,all_acts,E,10,17,0.19368246132952013,0.8588235294117647,0.3014072528778411,0.5656862745098039,0.7598039215686274,0.7193655338269634,10.529411764705882,1.8235294117647058
sem_70_256,all_acts,G,5,17,0.3568627450980392,0.5803921568627451,0.40269338504632624,0.4235294117647059,0.7549019607843137,0.5867462912419285,4.294117647058823,1.588235294117647
sem_70_256,all_acts,G,10,17,0.24277438248026484,0.7269607843137255,0.33854560472207534,0.44264705882352945,0.7549019607843137,0.6312337851632065,8.588235294117647,2.1176470588235294
sem_70_256,all_acts,RI,5,7,0.23055555555555557,0.44523809523809527,0.29315525744097176,0.4095238095238095,0.8928571428571429,0.5238339864038031,6.857142857142857,1.4285714285714286
sem_70_256,all_acts,RI,10,7,0.15851674002934507,0.569047619047619,0.23961961180006291,0.4095238095238095,0.8928571428571429,0.5732019482919666,12.571428571428571,1.8571428571428572
sem_70_256,all_acts,RII,5,3,0.27619047619047615,0.18434343434343434,0.203645651921514,0.18434343434343434,0.611111111111111,0.31587341148569476,5.666666666666667,1.6666666666666667
sem_70_256,all_acts,RII,10,3,0.2964646464646465,0.43686868686868685,0.31470588235294117,0.21464646464646464,0.611111111111111,0.4254538530532265,11.0,3.3333333333333335
sem_70_256,all_acts,W,5,21,0.2950113378684807,0.4865079365079365,0.3334467120181406,0.4174603174603174,0.753968253968254,0.510571079336392,4.571428571428571,1.2380952380952381
sem_70_256,all_acts,W,10,21,0.18099413813699528,0.6007936507936508,0.262507147381097,0.4373015873015873,0.753968253968254,0.5546002628483496,9.619047619047619,1.6666666666666667
sem_70_256,pil_acts,B,5,10,0.2961904761904762,0.47833333333333333,0.3520923520923521,0.4033333333333333,0.5700000000000001,0.45276573196799996,5.8,1.7
sem_70_256,pil_acts,B,10,10,0.1826767676767677,0.5283333333333333,0.26466033966033964,0.42000000000000004,0.5811111111111111,0.4740155655289537,10.5,1.9
sem_70_256,pil_acts,RI,5,7,0.23055555555555557,0.44523809523809527,0.29315525744097176,0.4095238095238095,0.8928571428571429,0.5238339864038031,6.857142857142857,1.4285714285714286
sem_70_256,pil_acts,RI,10,7,0.17280245431505933,0.6047619047619047,0.26002777506536906,0.4333333333333333,0.8928571428571429,0.5925562219784535,12.571428571428571,2.0
sem_70_256,pil_acts,RII,5,3,0.27619047619047615,0.18434343434343434,0.203645651921514,0.18434343434343434,0.611111111111111,0.31587341148569476,5.666666666666667,1.6666666666666667
sem_70_256,pil_acts,RII,10,3,0.2888888888888889,0.43686868686868685,0.30637254901960786,0.27020202020202017,0.611111111111111,0.4295634268649076,11.333333333333334,3.3333333333333335
sem_70_256,target_acts,B,5,10,0.3273809523809524,0.5116666666666666,0.3814862914862915,0.48666666666666664,0.6833333333333333,0.5226152962388493,5.5,1.8
sem_70_256,target_acts,B,10,10,0.2574098124098124,0.7316666666666667,0.37400707136001254,0.5033333333333333,0.6976190476190476,0.6140363803459103,10.1,2.6
sem_70_256,target_acts,E,5,17,0.3189075630252101,0.7558823529411764,0.419281045751634,0.5656862745098039,0.7598039215686274,0.6848302820059535,6.0588235294117645,1.588235294117647
sem_70_256,target_acts,E,10,17,0.20273517332340862,0.8588235294117647,0.31337306484365307,0.5656862745098039,0.7598039215686274,0.7255784227528266,10.235294117647058,1.8235294117647058
sem_70_256,target_acts,G,5,17,0.3568627450980392,0.5803921568627451,0.40269338504632624,0.4235294117647059,0.7549019607843137,0.5867462912419285,4.294117647058823,1.588235294117647
sem_70_256,target_acts,G,10,17,0.2482599100246159,0.7269607843137255,0.34111688964630144,0.44264705882352945,0.7549019607843137,0.6312337851632065,8.588235294117647,2.1176470588235294
sem_70_256,target_acts,RI,5,7,0.25221603793032366,0.47380952380952385,0.3174357388643103,0.44523809523809527,0.8928571428571429,0.542428460661115,6.857142857142857,1.5714285714285714
sem_70_256,target_acts,RI,10,7,0.1909972963544392,0.6404761904761905,0.2826131262221488,0.46904761904761905,0.8928571428571429,0.6186914076908945,12.285714285714286,2.142857142857143
sem_70_256,target_acts,RII,5,3,0.3761904761904762,0.351010101010101,0.3295715778474399,0.2676767676767677,0.7777777777777778,0.49633996755899706,6.0,2.3333333333333335
sem_70_256,target_acts,RII,10,3,0.3055555555555556,0.43686868686868685,0.32422969187675066,0.35353535353535354,0.7777777777777778,0.5245058881824757,10.666666666666666,3.3333333333333335
sem_70_256,target_acts,W,5,21,0.29342403628117913,0.4865079365079365,0.33174603174603173,0.4174603174603174,0.7619047619047619,0.5134969149532723,4.476190476190476,1.2380952380952381
sem_70_256,target_acts,W,10,21,0.19369255083540798,0.6246031746031746,0.2796238930692712,0.4373015873015873,0.7698412698412699,0.5700121638881415,9.238095238095237,1.7619047619047619
sem_70_64,all_acts,B,5,10,0.38333333333333336,0.5083333333333333,0.4193650793650794,0.4583333333333333,0.7,0.5460271215357267,4.7,1.7
sem_70_64,all_acts,B,10,10,0.20027777777777778,0.545,0.28495421245421243,0.4583333333333333,0.7142857142857143,0.5550032081270965,9.6,1.9
sem_70_64,all_acts,E,5,17,0.40154061624649856,0.8029411764705883,0.522735760971055,0.6558823529411765,0.8627450980392156,0.7763116811486862,4.352941176470588,1.6470588235294117
sem_70_64,all_acts,E,10,17,0.2560266530854766,0.9294117647058824,0.38990160166630755,0.6558823529411765,0.8627450980392156,0.8322550931811957,8.117647058823529,2.0
sem_70_64,all_acts,G,5,17,0.36386554621848743,0.5901960784313726,0.40147956618544856,0.4333333333333333,0.7254901960784315,0.5896007040365591,4.352941176470588,1.5294117647058822
sem_70_64,all_acts,G,10,17,0.28129174746821806,0.7617647058823529,0.37370488988136047,0.46274509803921565,0.7254901960784315,0.6351945887466492,7.764705882352941,2.1176470588235294
sem_70_64,all_acts,RI,5,7,0.2619047619047619,0.41428571428571426,0.3071428571428571,0.34285714285714286,0.6666666666666667,0.43655795368339717,4.857142857142857,1.2857142857142858
sem_70_64,all_acts,RI,10,7,0.17886002886002886,0.5452380952380953,0.2604526425954997,0.34285714285714286,0.6870748299319728,0.5007581810141308,9.857142857142858,1.7142857142857142
sem_70_64,all_acts,RII,5,3,0.39999999999999997,0.29545454545454547,0.2962962962962962,0.21212121212121213,0.27777777777777773,0.33519895719484977,5.0,2.0
sem_70_64,all_acts,RII,10,3,0.3666666666666667,0.3813131313131313,0.3194444444444444,0.24242424242424243,0.3253968253968254,0.3853320193157703,8.666666666666666,3.0
sem_70_64,all_acts,W,5,21,0.31587301587301586,0.4920634920634921,0.34755720470006185,0.47063492063492063,0.8690476190476191,0.586958994975269,4.285714285714286,1.2857142857142858
sem_70_64,all_acts,W,10,21,0.20423452209166493,0.5666666666666667,0.2832963332963333,0.4904761904761905,0.8690476190476191,0.6034864755531322,8.047619047619047,1.619047619047619
sem_70_64,pil_acts,B,5,10,0.4033333333333333,0.525,0.4375468975468976,0.475,0.77,0.5826115655880988,4.7,1.8
sem_70_64,pil_acts,B,10,10,0.20305555555555554,0.545,0.2864327339327339,0.475,0.77,0.5800866566254036,9.6,1.9
sem_70_64,pil_acts,RI,5,7,0.29047619047619044,0.43809523809523815,0.33311688311688314,0.3666666666666667,0.6952380952380952,0.4553015361851602,4.857142857142857,1.4285714285714286
sem_70_64,pil_acts,RI,10,7,0.17626262626262626,0.5452380952380953,0.2577315541601256,0.3666666666666667,0.6952380952380952,0.5030717698672297,10.0,1.7142857142857142
sem_70_64,pil_acts,RII,5,3,0.4666666666666666,0.351010101010101,0.35690235690235683,0.2676767676767677,0.3444444444444444,0.3789339830322971,5.0,2.3333333333333335
sem_70_64,pil_acts,RII,10,3,0.3666666666666667,0.3813131313131313,0.3194444444444444,0.29797979797979796,0.3444444444444444,0.3907303933063344,8.666666666666666,3.0
sem_70_64,target_acts,B,5,10,0.4633333333333334,0.5783333333333334,0.491991341991342,0.495,0.8400000000000001,0.643046110339045,4.5,2.0
sem_70_64,target_acts,B,10,10,0.2523484848484848,0.6366666666666666,0.3524023199023199,0.495,0.8400000000000001,0.6462445004078405,8.9,2.2
sem_70_64,target_acts,E,5,17,0.4172268907563025,0.8029411764705883,0.5361811391223156,0.6852941176470588,0.8627450980392156,0.7835343096582126,4.235294117647059,1.6470588235294117
sem_70_64,target_acts,E,10,17,0.26863169510228335,0.9294117647058824,0.40493428140486964,0.6852941176470588,0.8627450980392156,0.8394777216907223,7.764705882352941,2.0
sem_70_64,target_acts,G,5,17,0.36386554621848743,0.5901960784313726,0.40147956618544856,0.4333333333333333,0.7254901960784315,0.5896007040365591,4.352941176470588,1.5294117647058822
sem_70_64,target_acts,G,10,17,0.2910956690368455,0.7715686274509804,0.3835088114499879,0.4725490196078431,0.7254901960784315,0.6415351272480911,7.764705882352941,2.176470588235294
sem_70_64,target_acts,RI,5,7,0.2857142857142857,0.43809523809523815,0.32994227994228,0.3666666666666667,0.7428571428571429,0.4744291863232838,5.0,1.4285714285714286
sem_70_64,target_acts,RI,10,7,0.23408575551432695,0.6166666666666666,0.3266721373864231,0.3666666666666667,0.7428571428571429,0.5663231448181695,9.285714285714286,2.0
sem_70_64,target_acts,RII,5,3,0.5166666666666667,0.351010101010101,0.3846801346801347,0.351010101010101,0.5666666666666667,0.4847790777769334,4.666666666666667,2.3333333333333335
sem_70_64,target_acts,RII,10,3,0.3845238095238095,0.3813131313131313,0.33459595959595956,0.3813131313131313,0.5666666666666667,0.49657548805097074,8.333333333333334,3.0
sem_70_64,target_acts,W,5,21,0.32222222222222224,0.4920634920634921,0.3529993815708102,0.47063492063492063,0.8690476190476191,0.586958994975269,4.142857142857143,1.2857142857142858
sem_70_64,target_acts,W,10,21,0.21878478664192952,0.5785714285714286,0.29973967831110687,0.4904761904761905,0.8758503401360545,0.6096829842831655,7.571428571428571,1.6666666666666667
