config_id,search_scope,specificity,top_k,query_count,precision,recall,f1,r_precision,mrr,ndcg,retrieved_answer_unit_count,relevant_retrieved_count
fs_128_25,all_acts,H,5,22,0.20774780774780774,0.7734848484848484,0.3098234949839228,0.3909090909090909,0.6458874458874458,0.5922503390683045,7.409090909090909,1.5
fs_128_25,all_acts,H,10,22,0.12624725616035778,0.8454545454545456,0.21395860097309577,0.3909090909090909,0.6458874458874458,0.6204221418621201,13.318181818181818,1.7272727272727273
fs_128_25,all_acts,L,5,22,0.22741425241425242,0.36515151515151517,0.26124943090183733,0.2409090909090909,0.4428030303030303,0.3280861026388157,7.818181818181818,1.4090909090909092
fs_128_25,all_acts,L,10,22,0.15048788266491614,0.4977272727272727,0.21839884025211181,0.2484848484848485,0.4462995337995338,0.3750488690255404,14.545454545454545,1.8636363636363635
fs_128_25,all_acts,N,5,28,0.2256828488971346,0.515422077922078,0.2947547084101706,0.33268398268398264,0.6749999999999999,0.47915684087459515,7.5,1.5714285714285714
fs_128_25,all_acts,N,10,28,0.15992363728708267,0.6778679653679653,0.24220408105580596,0.33917748917748913,0.6785714285714286,0.5383025701259789,13.607142857142858,2.107142857142857
fs_128_25,pil_acts,H,5,5,0.3205982905982906,0.6366666666666666,0.413944878650761,0.48666666666666664,0.65,0.5442085257038096,8.2,2.4
fs_128_25,pil_acts,H,10,5,0.19785714285714287,0.82,0.31649122807017543,0.48666666666666664,0.65,0.6169266618147957,15.4,3.0
fs_128_25,pil_acts,L,5,5,0.09760683760683761,0.29,0.1443001443001443,0.25,0.425,0.31040255777232095,11.0,1.0
fs_128_25,pil_acts,L,10,5,0.080843776106934,0.5066666666666666,0.13818181818181818,0.25,0.44038461538461543,0.38598589116622656,19.4,1.6
fs_128_25,pil_acts,N,5,7,0.2022778808493094,0.39740259740259737,0.24057315233785823,0.22597402597402597,0.6,0.37133490614750314,10.285714285714286,1.8571428571428572
fs_128_25,pil_acts,N,10,7,0.17626262626262626,0.49480519480519486,0.22182422840317575,0.251948051948052,0.6,0.4169840960626039,17.857142857142858,2.7142857142857144
fs_128_25,target_acts,H,5,22,0.21984782893873803,0.7848484848484848,0.3255988960534415,0.3909090909090909,0.6481601731601732,0.6026901913826995,7.136363636363637,1.5454545454545454
fs_128_25,target_acts,H,10,22,0.13249593172721516,0.8454545454545456,0.2228116908422284,0.3909090909090909,0.6481601731601732,0.6269919165323753,12.772727272727273,1.7272727272727273
fs_128_25,target_acts,L,5,22,0.24944083694083694,0.39166666666666666,0.287666195954966,0.25,0.4575757575757576,0.3442881924104669,7.090909090909091,1.5
fs_128_25,target_acts,L,10,22,0.1865867253427062,0.5712121212121212,0.27004533056461005,0.25757575757575757,0.4621212121212121,0.41313573305396095,12.681818181818182,2.1363636363636362
fs_128_25,target_acts,N,5,28,0.2347745508459794,0.515422077922078,0.30015763881310104,0.3576839826839827,0.6857142857142857,0.4868890473956193,7.357142857142857,1.5714285714285714
fs_128_25,target_acts,N,10,28,0.16802505967421935,0.7010822510822511,0.2548048887693956,0.3641774891774892,0.6892857142857143,0.5574628640990552,13.321428571428571,2.2142857142857144
fs_256_50,all_acts,H,5,22,0.1614270199497472,0.7507575757575757,0.2553448259999062,0.3189393939393939,0.6227272727272727,0.5711969942635821,9.5,1.5454545454545454
fs_256_50,all_acts,H,10,22,0.08417542980850021,0.7962121212121211,0.1481656495960085,0.3189393939393939,0.6227272727272727,0.5862602456967847,18.954545454545453,1.6363636363636365
fs_256_50,all_acts,L,5,22,0.16675563272453225,0.40378787878787875,0.22190249941446114,0.20227272727272727,0.4298340548340548,0.3248474274436522,10.636363636363637,1.5
fs_256_50,all_acts,L,10,22,0.12360948643667471,0.5590909090909091,0.19239547877063326,0.20227272727272727,0.4298340548340548,0.385572300657439,20.545454545454547,2.1818181818181817
fs_256_50,all_acts,N,5,28,0.15898605362891077,0.5588744588744589,0.23173221503053434,0.2987554112554113,0.5851190476190476,0.4468492119294952,10.571428571428571,1.6071428571428572
fs_256_50,all_acts,N,10,28,0.12166139764595622,0.7370670995670995,0.19471471279588343,0.30849567099567105,0.5944727891156463,0.5126509045444078,20.285714285714285,2.357142857142857
fs_256_50,pil_acts,H,5,5,0.2712637362637363,0.77,0.394572192513369,0.47000000000000003,0.7,0.6454568146780008,10.2,2.8
fs_256_50,pil_acts,H,10,5,0.12826493992822594,0.77,0.21509726420212352,0.47000000000000003,0.7,0.6454568146780008,21.8,2.8
fs_256_50,pil_acts,L,5,5,0.12870813397129185,0.42333333333333334,0.1930769230769231,0.24,0.55,0.38956897022587356,12.0,1.4
fs_256_50,pil_acts,L,10,5,0.0710239651416122,0.5133333333333333,0.12432234432234432,0.24,0.55,0.4253624668727486,24.8,1.8
fs_256_50,pil_acts,N,5,7,0.15821281892710465,0.39740259740259737,0.1979602097249156,0.21883116883116882,0.5952380952380952,0.3600061675429237,13.571428571428571,1.8571428571428572
fs_256_50,pil_acts,N,10,7,0.14689106411795486,0.6077922077922079,0.20021135586017352,0.2577922077922078,0.6099773242630385,0.43424502906722606,25.571428571428573,3.2857142857142856
fs_256_50,target_acts,H,5,22,0.17088700440973167,0.7734848484848484,0.2691957478053735,0.3416666666666667,0.6568181818181817,0.5978459389436803,9.272727272727273,1.5909090909090908
fs_256_50,target_acts,H,10,22,0.09165322131260285,0.853030303030303,0.16122857592657328,0.3416666666666667,0.6598484848484849,0.6216909174361104,18.40909090909091,1.7272727272727273
fs_256_50,target_acts,L,5,22,0.19661697482553098,0.4643939393939394,0.2623214106467695,0.23636363636363636,0.5055916305916306,0.38453460819989443,10.045454545454545,1.7272727272727273
fs_256_50,target_acts,L,10,22,0.14401433385390605,0.6287878787878788,0.22565718469769241,0.23636363636363636,0.5055916305916306,0.4489406629828743,18.40909090909091,2.4545454545454546
fs_256_50,target_acts,N,5,28,0.16466261912690486,0.5999458874458874,0.2441073033924648,0.334469696969697,0.619345238095238,0.48208051952274233,10.607142857142858,1.75
fs_256_50,target_acts,N,10,28,0.12616057225736227,0.7620670995670995,0.20256594053880922,0.34420995670995674,0.625297619047619,0.5429718421989688,20.0,2.4642857142857144
fs_64_12,all_acts,H,5,22,0.26165223665223664,0.7166666666666667,0.3610366905821451,0.47045454545454546,0.8045454545454546,0.6622591217875555,5.409090909090909,1.3181818181818181
fs_64_12,all_acts,H,10,22,0.17509876487149215,0.853030303030303,0.2811096731551277,0.47045454545454546,0.8121212121212121,0.7216975520641823,10.363636363636363,1.7272727272727273
fs_64_12,all_acts,L,5,22,0.2581890331890332,0.3996212121212121,0.28975607725607727,0.2708333333333333,0.4928571428571429,0.37183058314571027,6.7272727272727275,1.4545454545454546
fs_64_12,all_acts,L,10,22,0.2040125390058545,0.5140151515151515,0.27638081615354343,0.2784090909090909,0.5002435064935065,0.42072889989820045,11.545454545454545,2.0
fs_64_12,all_acts,N,5,28,0.2701814058956916,0.49058441558441557,0.3169524919524919,0.3316558441558442,0.6568877551020408,0.4762158170472543,5.964285714285714,1.3928571428571428
fs_64_12,all_acts,N,10,28,0.20547260279403137,0.6468073593073592,0.29389948716574105,0.3527597402597403,0.6640306122448979,0.5327110944140127,10.178571428571429,1.8928571428571428
fs_64_12,pil_acts,H,5,5,0.41301587301587295,0.6033333333333333,0.48218781218781215,0.5033333333333333,0.8400000000000001,0.6182391048538717,6.0,2.2
fs_64_12,pil_acts,H,10,5,0.23714285714285716,0.72,0.3535042735042735,0.5033333333333333,0.8400000000000001,0.6716553771513392,11.6,2.6
fs_64_12,pil_acts,L,5,5,0.20555555555555555,0.2833333333333333,0.22666666666666666,0.2833333333333333,0.33999999999999997,0.2679659471822641,7.2,1.0
fs_64_12,pil_acts,L,10,5,0.11538461538461538,0.32333333333333336,0.1638961038961039,0.2833333333333333,0.35428571428571426,0.28532810242944934,13.6,1.2
fs_64_12,pil_acts,N,5,7,0.25056689342403626,0.3623376623376623,0.2510917653774797,0.22662337662337664,0.5442176870748299,0.3938164991034875,7.142857142857143,1.5714285714285714
fs_64_12,pil_acts,N,10,7,0.20056689342403627,0.4753246753246753,0.24895808525839486,0.2396103896103896,0.5442176870748299,0.4450006213884049,12.571428571428571,2.2857142857142856
fs_64_12,target_acts,H,5,22,0.2827922077922078,0.728030303030303,0.38222156631247545,0.49318181818181817,0.8106060606060606,0.6739845140054551,5.136363636363637,1.3636363636363635
fs_64_12,target_acts,H,10,22,0.19074864529409982,0.8871212121212121,0.3034073101586471,0.49318181818181817,0.8181818181818182,0.7451093121942819,10.045454545454545,1.8636363636363635
fs_64_12,target_acts,L,5,22,0.28773448773448773,0.42613636363636365,0.31839309680218775,0.2897727272727273,0.5019480519480519,0.3873191695207282,6.409090909090909,1.5454545454545454
fs_64_12,target_acts,L,10,22,0.23110766610098163,0.5632575757575758,0.3091854649869004,0.29734848484848486,0.5148268398268399,0.4443455228402387,10.772727272727273,2.1363636363636362
fs_64_12,target_acts,N,5,28,0.32349773242630386,0.5423701298701299,0.3651162329733758,0.38165584415584414,0.7291666666666667,0.5428974341855743,5.535714285714286,1.5357142857142858
fs_64_12,target_acts,N,10,28,0.22660266320980607,0.6968073593073594,0.3213832677593182,0.4099025974025974,0.7363095238095239,0.592040610901062,9.535714285714286,2.0357142857142856
hier_article,all_acts,H,5,22,0.2636363636363636,0.7128787878787879,0.3595238095238095,0.5272727272727272,0.7780303030303031,0.6665966822568762,5.0,1.3181818181818181
hier_article,all_acts,H,10,22,0.1590909090909091,0.8113636363636364,0.2544001453092362,0.5272727272727272,0.7845238095238095,0.7075146635179844,10.0,1.5909090909090908
hier_article,all_acts,L,5,22,0.2727272727272727,0.3227272727272727,0.2826007326007326,0.2772727272727273,0.5886363636363636,0.36091334762778843,5.0,1.3636363636363635
hier_article,all_acts,L,10,22,0.20454545454545456,0.49393939393939396,0.27925269175269174,0.3,0.5943181818181817,0.4285824410422855,10.0,2.0454545454545454
hier_article,all_acts,N,5,28,0.33571428571428574,0.5852272727272727,0.40164399092970526,0.49296536796536794,0.8005952380952381,0.6099696228493612,5.0,1.6785714285714286
hier_article,all_acts,N,10,28,0.19642857142857142,0.667965367965368,0.2894589041910471,0.49296536796536794,0.8041666666666666,0.6404815052723771,10.0,1.9642857142857142
hier_article,pil_acts,H,5,5,0.32,0.4033333333333333,0.35333333333333333,0.35333333333333333,0.64,0.4449353805699062,5.0,1.6
hier_article,pil_acts,H,10,5,0.24,0.6366666666666666,0.3459340659340659,0.35333333333333333,0.6733333333333333,0.5558813438832585,10.0,2.4
hier_article,pil_acts,L,5,5,0.24,0.32333333333333336,0.2668398268398268,0.22333333333333333,0.5333333333333333,0.3138023031104847,5.0,1.2
hier_article,pil_acts,L,10,5,0.18,0.4966666666666667,0.25571428571428567,0.25666666666666665,0.5333333333333333,0.3903236816515763,10.0,1.8
hier_article,pil_acts,N,5,7,0.39999999999999997,0.498051948051948,0.3986394557823129,0.4623376623376623,0.8333333333333333,0.5937142039072938,5.0,2.0
hier_article,pil_acts,N,10,7,0.2285714285714286,0.5623376623376624,0.29685374149659866,0.4623376623376623,0.8333333333333333,0.5997467672416024,10.0,2.2857142857142856
hier_article,target_acts,H,5,22,0.30000000000000004,0.7772727272727273,0.40533910533910533,0.5651515151515152,0.8068181818181818,0.7122831428414149,5.0,1.5
hier_article,target_acts,H,10,22,0.16818181818181818,0.8416666666666667,0.2683861592952502,0.5651515151515152,0.8068181818181818,0.7393256802575622,10.0,1.6818181818181819
hier_article,target_acts,L,5,22,0.3181818181818182,0.3946969696969697,0.3372544122544123,0.31136363636363634,0.6113636363636363,0.4098131394041992,5.0,1.5909090909090908
hier_article,target_acts,L,10,22,0.22727272727272727,0.5621212121212121,0.3132187257187257,0.33409090909090905,0.6170454545454546,0.47732906825325205,10.0,2.272727272727273
hier_article,target_acts,N,5,28,0.34285714285714286,0.5941558441558442,0.40958049886621317,0.5018939393939393,0.8244047619047619,0.6259017210096953,5.0,1.7142857142857142
hier_article,target_acts,N,10,28,0.21071428571428572,0.7053030303030303,0.30784750963322394,0.503517316017316,0.8279761904761905,0.6717647242243666,10.0,2.107142857142857
hier_paragraph,all_acts,H,5,22,0.35454545454545455,0.7810606060606061,0.45461760461760464,0.6598484848484848,0.9181818181818181,0.7721712703612408,4.5,1.5454545454545454
hier_paragraph,all_acts,H,10,22,0.18849206349206346,0.8037878787878788,0.29256021756021755,0.6598484848484848,0.9181818181818181,0.7765002024750842,8.454545454545455,1.5909090909090908
hier_paragraph,all_acts,L,5,22,0.3606060606060606,0.3734848484848485,0.34582387309660034,0.35075757575757577,0.6363636363636364,0.44656622658604145,4.5,1.5454545454545454
hier_paragraph,all_acts,L,10,22,0.22723665223665224,0.4431818181818182,0.2869349085258176,0.3772727272727273,0.6363636363636364,0.43918860489194544,8.681818181818182,1.8181818181818181
hier_paragraph,all_acts,N,5,28,0.3898809523809524,0.6108225108225108,0.4491213151927438,0.4739177489177489,0.8660714285714286,0.6393816227822757,4.464285714285714,1.75
hier_paragraph,all_acts,N,10,28,0.23622448979591834,0.6807359307359306,0.3297976984612929,0.4771645021645022,0.8720238095238095,0.6635744245451243,8.571428571428571,2.0
hier_paragraph,pil_acts,H,5,5,0.53,0.6366666666666666,0.5698412698412698,0.5700000000000001,1.0,0.7263873469015953,4.6,2.4
hier_paragraph,pil_acts,H,10,5,0.26222222222222225,0.6366666666666666,0.36776556776556774,0.5700000000000001,1.0,0.7045581686848091,9.2,2.4
hier_paragraph,pil_acts,L,5,5,0.27,0.31333333333333335,0.2830303030303031,0.31333333333333335,0.6666666666666667,0.37795500338421123,4.6,1.2
hier_paragraph,pil_acts,L,10,5,0.17666666666666667,0.4633333333333334,0.25064102564102564,0.31333333333333335,0.6666666666666667,0.4389551712669565,9.4,1.6
hier_paragraph,pil_acts,N,5,7,0.4571428571428572,0.5337662337662338,0.44387755102040816,0.5337662337662338,0.9285714285714286,0.6706549988464293,4.714285714285714,2.142857142857143
hier_paragraph,pil_acts,N,10,7,0.2571428571428572,0.5467532467532468,0.30275484883779813,0.5467532467532468,0.9285714285714286,0.6488064404689176,9.571428571428571,2.4285714285714284
hier_paragraph,target_acts,H,5,22,0.37878787878787884,0.8037878787878788,0.48203463203463204,0.6749999999999999,0.9181818181818181,0.7909801860115416,4.318181818181818,1.5909090909090908
hier_paragraph,target_acts,H,10,22,0.20254329004329003,0.8340909090909091,0.31264745355654444,0.6749999999999999,0.9181818181818181,0.7989141422766077,8.272727272727273,1.6818181818181819
hier_paragraph,target_acts,L,5,22,0.3878787878787879,0.39621212121212124,0.3732409005136278,0.3734848484848485,0.6590909090909091,0.46801162072933006,4.409090909090909,1.6363636363636365
hier_paragraph,target_acts,L,10,22,0.27496392496392497,0.5189393939393939,0.3454491215854852,0.4,0.6666666666666666,0.4866675544457015,8.227272727272727,2.090909090909091
hier_paragraph,target_acts,N,5,28,0.4005952380952381,0.6197510822510822,0.45975056689342403,0.48284632034632036,0.8839285714285714,0.6514983258625408,4.428571428571429,1.7857142857142858
hier_paragraph,target_acts,N,10,28,0.2582199546485261,0.7235930735930737,0.3577994586059102,0.48609307359307363,0.8898809523809524,0.6911574045102113,8.392857142857142,2.142857142857143
hier_paragraph_contextualized,all_acts,H,5,22,0.4393939393939394,0.7507575757575757,0.5114357864357865,0.7242424242424242,1.0,0.8133926631518246,3.8636363636363638,1.4545454545454546
hier_paragraph_contextualized,all_acts,H,10,22,0.227994227994228,0.8189393939393939,0.33909070727252544,0.7242424242424242,1.0,0.8346961539114397,7.409090909090909,1.6363636363636365
hier_paragraph_contextualized,all_acts,L,5,22,0.35984848484848486,0.3098484848484848,0.3184232434232434,0.2946969696969697,0.6287878787878788,0.4266404234954475,3.909090909090909,1.2727272727272727
hier_paragraph_contextualized,all_acts,L,10,22,0.29033189033189033,0.47121212121212125,0.3429414020323111,0.3231060606060606,0.6363636363636364,0.45510566121372925,7.454545454545454,1.9090909090909092
hier_paragraph_contextualized,all_acts,N,5,28,0.4428571428571429,0.5734848484848485,0.46472978080120936,0.5109848484848485,0.8660714285714286,0.6570307844774749,3.9285714285714284,1.6071428571428572
hier_paragraph_contextualized,all_acts,N,10,28,0.29187925170068024,0.7003787878787878,0.38284433820148106,0.5247835497835498,0.875,0.6917234216809913,7.607142857142857,2.0714285714285716
hier_paragraph_contextualized,pil_acts,H,5,5,0.49000000000000005,0.5700000000000001,0.5198412698412698,0.52,1.0,0.6825442939928233,4.6,2.2
hier_paragraph_contextualized,pil_acts,H,10,5,0.31515873015873014,0.7033333333333334,0.42703962703962706,0.52,1.0,0.7212776014557672,8.4,2.6
hier_paragraph_contextualized,pil_acts,L,5,5,0.25666666666666665,0.29,0.27,0.29,0.4666666666666667,0.31750745408124315,4.4,1.0
hier_paragraph_contextualized,pil_acts,L,10,5,0.17333333333333334,0.43,0.24564102564102566,0.29,0.4666666666666667,0.39448333913566014,9.0,1.4
hier_paragraph_contextualized,pil_acts,N,5,7,0.42857142857142855,0.5272727272727272,0.43329554043839763,0.5272727272727272,0.9285714285714286,0.65847801769284,4.714285714285714,2.0
hier_paragraph_contextualized,pil_acts,N,10,7,0.31150793650793646,0.5824675324675325,0.34946006374577804,0.5467532467532468,0.9285714285714286,0.682059882875781,8.714285714285714,2.5714285714285716
hier_paragraph_contextualized,target_acts,H,5,22,0.4727272727272727,0.7886363636363637,0.5493145743145743,0.7356060606060606,1.0,0.8378203160866572,3.727272727272727,1.5454545454545454
hier_paragraph_contextualized,target_acts,H,10,22,0.23795093795093794,0.8340909090909091,0.35200657927930656,0.7356060606060606,1.0,0.8493457790941313,7.2727272727272725,1.6818181818181819
hier_paragraph_contextualized,target_acts,L,5,22,0.4356060606060606,0.4022727272727273,0.4025141525141525,0.34924242424242424,0.6856060606060607,0.4981245312270073,3.8181818181818183,1.5909090909090908
hier_paragraph_contextualized,target_acts,L,10,22,0.3379689754689755,0.5545454545454546,0.4010121191939374,0.3852272727272727,0.6931818181818182,0.5324442509151432,7.181818181818182,2.227272727272727
hier_paragraph_contextualized,target_acts,N,5,28,0.4714285714285714,0.5913419913419914,0.4872637944066516,0.5288419913419913,0.8660714285714286,0.6760109665324138,3.857142857142857,1.6785714285714286
hier_paragraph_contextualized,target_acts,N,10,28,0.30225340136054424,0.7164502164502166,0.3959671281099853,0.5426406926406926,0.875,0.7048167345099283,7.535714285714286,2.142857142857143
hier_subparagraph,all_acts,H,5,22,0.3340909090909091,0.7204545454545455,0.4202020202020202,0.5992424242424242,0.85,0.7186137206411196,4.636363636363637,1.4545454545454546
hier_subparagraph,all_acts,H,10,22,0.18326118326118326,0.7583333333333333,0.28257146893510526,0.5992424242424242,0.85,0.7228986945138305,8.5,1.5454545454545454
hier_subparagraph,all_acts,L,5,22,0.3515151515151515,0.35075757575757577,0.33308938536211263,0.32803030303030306,0.6212121212121212,0.42674920465931937,4.5,1.5
hier_subparagraph,all_acts,L,10,22,0.24558080808080807,0.4731060606060606,0.30948609471336747,0.3678030303030303,0.6212121212121212,0.44906612051659295,8.727272727272727,2.0
hier_subparagraph,all_acts,N,5,28,0.3636904761904762,0.5739177489177489,0.41822562358276644,0.4637987012987013,0.8285714285714285,0.6044102063200941,4.571428571428571,1.6428571428571428
hier_subparagraph,all_acts,N,10,28,0.2269982993197279,0.6688311688311688,0.3175313933378449,0.4670454545454546,0.8345238095238096,0.6366210023931745,8.857142857142858,1.9642857142857142
hier_subparagraph,pil_acts,H,5,5,0.6,0.7033333333333334,0.6222222222222221,0.6366666666666666,1.0,0.8151161255563529,4.6,2.6
hier_subparagraph,pil_acts,H,10,5,0.29055555555555557,0.7033333333333334,0.40512820512820513,0.6366666666666666,1.0,0.7596614400853433,9.0,2.6
hier_subparagraph,pil_acts,L,5,5,0.27,0.31333333333333335,0.2830303030303031,0.31333333333333335,0.6666666666666667,0.37795500338421123,4.6,1.2
hier_subparagraph,pil_acts,L,10,5,0.17666666666666667,0.4633333333333334,0.25064102564102564,0.31333333333333335,0.6666666666666667,0.4389551712669565,9.4,1.6
hier_subparagraph,pil_acts,N,5,7,0.41428571428571426,0.5051948051948052,0.40816326530612246,0.5051948051948052,0.9285714285714286,0.6393350131298868,4.857142857142857,2.0
hier_subparagraph,pil_acts,N,10,7,0.2571428571428572,0.5467532467532468,0.30334949228958447,0.5181818181818182,0.9285714285714286,0.636880529101323,9.571428571428571,2.4285714285714284
hier_subparagraph,target_acts,H,5,22,0.36363636363636365,0.7583333333333333,0.4544372294372294,0.5992424242424242,0.85,0.7441958079289898,4.5,1.5454545454545454
hier_subparagraph,target_acts,H,10,22,0.19725829725829724,0.7734848484848484,0.3011034420125329,0.5992424242424242,0.85,0.7377584691143262,8.181818181818182,1.5909090909090908
hier_subparagraph,target_acts,L,5,22,0.39696969696969703,0.4113636363636364,0.3848570621297894,0.3734848484848485,0.6643939393939394,0.4740307169740577,4.409090909090909,1.6818181818181819
hier_subparagraph,target_acts,L,10,22,0.2839285714285714,0.5488636363636363,0.3614735012462285,0.41325757575757577,0.6643939393939394,0.5053238319343925,8.409090909090908,2.272727272727273
hier_subparagraph,target_acts,N,5,28,0.37440476190476196,0.581060606060606,0.42786281179138325,0.47094155844155844,0.8464285714285714,0.6183523509626693,4.535714285714286,1.6785714285714286
hier_subparagraph,target_acts,N,10,28,0.24009353741496597,0.7027597402597402,0.33624482276556006,0.4741883116883117,0.8523809523809524,0.6626690635591413,8.75,2.0714285714285716
sem_50_128,all_acts,H,5,22,0.3462121212121212,0.7924242424242425,0.4574314574314574,0.5462121212121211,0.8257575757575758,0.7211515535701887,4.454545454545454,1.5454545454545454
sem_50_128,all_acts,H,10,22,0.1905537644174008,0.8416666666666667,0.29856431447340537,0.5462121212121211,0.8257575757575758,0.7418682738716825,8.863636363636363,1.6818181818181819
sem_50_128,all_acts,L,5,22,0.3293290043290043,0.3946969696969697,0.3349718463354827,0.2840909090909091,0.5659090909090909,0.4142672290869131,4.818181818181818,1.5
sem_50_128,all_acts,L,10,22,0.2584624970988607,0.5545454545454546,0.32900112365353007,0.3181818181818182,0.5659090909090909,0.46165190626443187,9.545454545454545,2.227272727272727
sem_50_128,all_acts,N,5,28,0.3532738095238095,0.5529220779220779,0.4063208616780045,0.4428030303030303,0.7452380952380953,0.5625662129480051,4.785714285714286,1.6428571428571428
sem_50_128,all_acts,N,10,28,0.23542053184910325,0.6862554112554112,0.32988976589207003,0.4517316017316017,0.7595238095238095,0.6198344082719418,8.785714285714286,2.0
sem_50_128,pil_acts,H,5,5,0.4666666666666667,0.6533333333333333,0.5388888888888889,0.5366666666666666,0.8666666666666666,0.6720544845219636,5.2,2.4
sem_50_128,pil_acts,H,10,5,0.2545454545454545,0.7033333333333334,0.3701098901098901,0.5366666666666666,0.8666666666666666,0.6966847233960366,10.2,2.6
sem_50_128,pil_acts,L,5,5,0.26,0.4066666666666666,0.30620490620490626,0.26666666666666666,0.5,0.3733858016481996,5.4,1.4
sem_50_128,pil_acts,L,10,5,0.1852136752136752,0.53,0.2695526695526695,0.26666666666666666,0.5,0.4327292524924034,11.0,2.0
sem_50_128,pil_acts,N,5,7,0.3761904761904762,0.5045454545454545,0.37970521541950114,0.39740259740259737,0.6119047619047618,0.5170741133613495,5.714285714285714,2.142857142857143
sem_50_128,pil_acts,N,10,7,0.2384920634920635,0.5688311688311688,0.2951081176887628,0.39740259740259737,0.6119047619047618,0.5304827782349284,10.142857142857142,2.4285714285714284
sem_50_128,target_acts,H,5,22,0.35378787878787876,0.8037878787878788,0.4665223665223665,0.5916666666666667,0.8787878787878788,0.7604084818493501,4.454545454545454,1.5909090909090908
sem_50_128,target_acts,H,10,22,0.2043114713569259,0.8416666666666667,0.3136926205108023,0.5916666666666667,0.8787878787878788,0.7755274205885546,8.454545454545455,1.6818181818181819
sem_50_128,target_acts,L,5,22,0.35963203463203464,0.44166666666666665,0.3705418319054683,0.3007575757575757,0.6053030303030303,0.45383308938926664,4.909090909090909,1.6818181818181819
sem_50_128,target_acts,L,10,22,0.31294727999273453,0.6416666666666667,0.3966843762298308,0.33484848484848484,0.6117965367965368,0.5212422207713824,9.0,2.5454545454545454
sem_50_128,target_acts,N,5,28,0.3705357142857143,0.5689935064935064,0.4243764172335601,0.4856601731601731,0.818452380952381,0.6036255037347954,4.714285714285714,1.7142857142857142
sem_50_128,target_acts,N,10,28,0.2511982065553494,0.7219696969696969,0.35185074142447414,0.4945887445887446,0.8327380952380953,0.6686986387785991,8.607142857142858,2.107142857142857
sem_50_256,all_acts,H,5,22,0.21924603174603174,0.6825757575757575,0.3149764377037104,0.5651515151515152,0.7727272727272727,0.6557624382993528,5.818181818181818,1.2272727272727273
sem_50_256,all_acts,H,10,22,0.15267598563053109,0.8113636363636364,0.24840657864510945,0.5651515151515152,0.7777777777777778,0.7119832919320249,10.545454545454545,1.5909090909090908
sem_50_256,all_acts,L,5,22,0.27036435786435786,0.3541666666666667,0.2839541771359953,0.2784090909090909,0.5984848484848485,0.37041186260582265,5.409090909090909,1.3636363636363635
sem_50_256,all_acts,L,10,22,0.19172014853833036,0.5053030303030304,0.2635419334863467,0.30454545454545456,0.5984848484848485,0.42164409444900913,11.0,2.0
sem_50_256,all_acts,N,5,28,0.335602195423624,0.5840367965367965,0.39996543549499214,0.4382034632034632,0.7392857142857142,0.5657188869227593,5.464285714285714,1.6428571428571428
sem_50_256,all_acts,N,10,28,0.20033399140542,0.6807359307359307,0.290809359874486,0.4414502164502165,0.7392857142857142,0.6077608643391825,10.571428571428571,2.0
sem_50_256,pil_acts,H,5,5,0.2594444444444445,0.47000000000000003,0.3241647241647242,0.35333333333333333,0.425,0.37040426847669666,7.2,1.8
sem_50_256,pil_acts,H,10,5,0.18168498168498168,0.6366666666666666,0.2811971104231166,0.35333333333333333,0.425,0.4457418564897475,13.2,2.4
sem_50_256,pil_acts,L,5,5,0.17555555555555555,0.2733333333333333,0.20382395382395382,0.2733333333333333,0.6666666666666667,0.35171398788174285,6.0,1.0
sem_50_256,pil_acts,L,10,5,0.15523809523809523,0.4966666666666667,0.2257142857142857,0.30666666666666664,0.6666666666666667,0.4471134958279426,11.8,1.8
sem_50_256,pil_acts,N,5,7,0.33271490414347554,0.498051948051948,0.3619829541011807,0.4266233766233766,0.6952380952380952,0.5226916352738538,6.714285714285714,2.0
sem_50_256,pil_acts,N,10,7,0.1984126984126984,0.5110389610389611,0.25160245916548435,0.4396103896103896,0.6952380952380952,0.5245868351482434,12.285714285714286,2.2857142857142856
sem_50_256,target_acts,H,5,22,0.2540945165945166,0.7431818181818183,0.3597455574728302,0.603030303030303,0.8106060606060606,0.7038176688378613,5.636363636363637,1.4090909090909092
sem_50_256,target_acts,H,10,22,0.17011485988758715,0.8507575757575757,0.27228125409943593,0.603030303030303,0.8106060606060606,0.7517871099158824,10.318181818181818,1.7272727272727273
sem_50_256,target_acts,L,5,22,0.2850108225108225,0.3632575757575757,0.2979401911220093,0.2784090909090909,0.5984848484848485,0.3772072537957046,5.363636363636363,1.4090909090909092
sem_50_256,target_acts,L,10,22,0.23440990827354466,0.6075757575757575,0.32218882729366827,0.3121212121212121,0.6117424242424243,0.4735813817170547,10.727272727272727,2.3636363636363638
sem_50_256,target_acts,N,5,28,0.32867192331478046,0.5840367965367965,0.3957214651795932,0.45606060606060606,0.775,0.5815874016752405,5.535714285714286,1.6428571428571428
sem_50_256,target_acts,N,10,28,0.20748343917986775,0.7057359307359308,0.3017109582760843,0.45930735930735933,0.775,0.6362949476793205,10.607142857142858,2.107142857142857
sem_50_64,all_acts,H,5,22,0.34545454545454546,0.7621212121212121,0.4474025974025974,0.7128787878787879,0.8863636363636364,0.771452186735808,4.2727272727272725,1.4545454545454546
sem_50_64,all_acts,H,10,22,0.19161419388692114,0.7886363636363637,0.29497648815830635,0.7128787878787879,0.8863636363636364,0.7795161428382786,8.0,1.5454545454545454
sem_50_64,all_acts,L,5,22,0.34751082251082255,0.39621212121212124,0.34498758816940633,0.32651515151515154,0.6477272727272727,0.46379208000088057,4.590909090909091,1.5
sem_50_64,all_acts,L,10,22,0.2611962532417078,0.5393939393939394,0.32863172181354,0.3568181818181818,0.6542207792207791,0.4919849565692013,8.681818181818182,2.090909090909091
sem_50_64,all_acts,N,5,28,0.39345238095238094,0.5858225108225108,0.4432256235827664,0.45189393939393935,0.8214285714285714,0.6061903052857173,4.357142857142857,1.6428571428571428
sem_50_64,all_acts,N,10,28,0.2654207895279324,0.7325216450216451,0.3670965938823082,0.4640692640692641,0.8214285714285714,0.6694304456163058,8.285714285714286,2.142857142857143
sem_50_64,pil_acts,H,5,5,0.5,0.5866666666666667,0.530952380952381,0.5366666666666666,0.7333333333333333,0.6144241884394301,4.4,2.2
sem_50_64,pil_acts,H,10,5,0.27888888888888885,0.6366666666666666,0.382051282051282,0.5366666666666666,0.7333333333333333,0.6186203468887841,8.8,2.4
sem_50_64,pil_acts,L,5,5,0.25,0.31333333333333335,0.27191919191919195,0.31333333333333335,0.5066666666666666,0.3363639778319564,4.8,1.2
sem_50_64,pil_acts,L,10,5,0.1508080808080808,0.4133333333333334,0.21547619047619046,0.31333333333333335,0.5066666666666666,0.3772169683207135,9.6,1.4
sem_50_64,pil_acts,N,5,7,0.4261904761904762,0.5051948051948052,0.41428571428571426,0.43376623376623374,0.8571428571428571,0.6019937975348854,4.857142857142857,2.0
sem_50_64,pil_acts,N,10,7,0.2641774891774892,0.5467532467532468,0.30048998620427186,0.4467532467532468,0.8571428571428571,0.623075369110292,9.714285714285714,2.4285714285714284
sem_50_64,target_acts,H,5,22,0.3590909090909091,0.7621212121212121,0.4585497835497836,0.746969696969697,0.9469696969696969,0.8025233786377068,4.136363636363637,1.4545454545454546
sem_50_64,target_acts,H,10,22,0.20433064410337137,0.7886363636363637,0.30891129072947254,0.746969696969697,0.9469696969696969,0.8115370135991369,7.636363636363637,1.5454545454545454
sem_50_64,target_acts,L,5,22,0.3770562770562771,0.41893939393939394,0.3728407955680683,0.33409090909090905,0.6734848484848485,0.48370269505006325,4.454545454545454,1.5909090909090908
sem_50_64,target_acts,L,10,22,0.31090765295310746,0.6113636363636363,0.38813585404494494,0.371969696969697,0.6799783549783549,0.5369931167987021,8.045454545454545,2.3636363636363638
sem_50_64,target_acts,N,5,28,0.40476190476190477,0.5929653679653679,0.4512471655328798,0.4590367965367966,0.8392857142857143,0.6212904358204355,4.357142857142857,1.6785714285714286
sem_50_64,target_acts,N,10,28,0.2741676973819831,0.7414502164502165,0.3776390276390277,0.4712121212121212,0.8392857142857143,0.6815293624887054,8.142857142857142,2.1785714285714284
sem_70_128,all_acts,H,5,22,0.3477272727272727,0.7924242424242425,0.45959595959595956,0.5916666666666667,0.8446969696969696,0.7347764083202766,4.409090909090909,1.5454545454545454
sem_70_128,all_acts,H,10,22,0.18714467350830988,0.8416666666666667,0.29351380942290034,0.5916666666666667,0.8446969696969696,0.7554931286217705,9.0,1.6818181818181819
sem_70_128,all_acts,L,5,22,0.3293290043290043,0.3946969696969697,0.3349718463354827,0.29924242424242425,0.5621212121212121,0.42162597814860125,4.818181818181818,1.5
sem_70_128,all_acts,L,10,22,0.2535202171565808,0.5488636363636363,0.32469671594003147,0.3352272727272727,0.5696969696969697,0.4651669417036893,9.454545454545455,2.1818181818181817
sem_70_128,all_acts,N,5,28,0.3502976190476191,0.5350649350649351,0.4008503401360545,0.4428030303030303,0.7452380952380953,0.5516171559343362,4.714285714285714,1.6071428571428572
sem_70_128,all_acts,N,10,28,0.2420127491556063,0.6791125541125541,0.33458051165424435,0.4517316017316017,0.7595238095238095,0.6124616694383016,8.571428571428571,1.9642857142857142
sem_70_128,pil_acts,H,5,5,0.4666666666666667,0.6533333333333333,0.5388888888888889,0.5366666666666666,0.8666666666666666,0.6720544845219636,5.2,2.4
sem_70_128,pil_acts,H,10,5,0.26121212121212123,0.7033333333333334,0.3758241758241758,0.5366666666666666,0.8666666666666666,0.6966847233960366,10.0,2.6
sem_70_128,pil_acts,L,5,5,0.22666666666666666,0.37333333333333335,0.2728715728715729,0.23333333333333334,0.4833333333333333,0.34763248257549023,5.4,1.2
sem_70_128,pil_acts,L,10,5,0.16975912975912974,0.48,0.24490280960869196,0.23333333333333334,0.4833333333333333,0.40510721754982687,10.6,1.8
sem_70_128,pil_acts,N,5,7,0.38095238095238093,0.5045454545454545,0.38673469387755105,0.39740259740259737,0.6119047619047618,0.5170741133613495,5.714285714285714,2.142857142857143
sem_70_128,pil_acts,N,10,7,0.23517316017316017,0.5402597402597402,0.28881441139505654,0.39740259740259737,0.6119047619047618,0.516477165973306,9.714285714285714,2.2857142857142856
sem_70_128,target_acts,H,5,22,0.3553030303030303,0.8037878787878788,0.4686868686868687,0.6371212121212121,0.8977272727272727,0.7740333365994381,4.409090909090909,1.5909090909090908
sem_70_128,target_acts,H,10,22,0.20306688261233716,0.8416666666666667,0.3111673679855498,0.6371212121212121,0.8977272727272727,0.7891522753386426,8.545454545454545,1.6818181818181819
sem_70_128,target_acts,L,5,22,0.35205627705627707,0.4265151515151515,0.3598669007759917,0.3159090909090909,0.6068181818181818,0.4527915842681644,4.863636363636363,1.6363636363636365
sem_70_128,target_acts,L,10,22,0.3092905831542195,0.6359848484848485,0.3922684490197859,0.3443181818181818,0.6143939393939394,0.5235584335846544,8.863636363636363,2.5
sem_70_128,target_acts,N,5,28,0.37351190476190477,0.5439935064935065,0.41930272108843536,0.478517316017316,0.818452380952381,0.5903912700252797,4.5,1.6428571428571428
sem_70_128,target_acts,N,10,28,0.2539548744905888,0.7041125541125541,0.35067513132029265,0.48744588744588746,0.8327380952380953,0.6560506623144567,8.464285714285714,2.0714285714285716
sem_70_256,all_acts,H,5,22,0.2424062049062049,0.6977272727272728,0.34058315421951785,0.5803030303030302,0.8068181818181818,0.6717470130185154,5.363636363636363,1.2727272727272727
sem_70_256,all_acts,H,10,22,0.1647847102392557,0.8113636363636364,0.2630444792877948,0.5803030303030302,0.8113636363636364,0.7198718315286388,9.863636363636363,1.5909090909090908
sem_70_256,all_acts,L,5,22,0.29902597402597403,0.3795454545454545,0.3096908142362688,0.2916666666666667,0.5946969696969697,0.3935418045477656,5.363636363636363,1.5
sem_70_256,all_acts,L,10,22,0.2114684557866376,0.5109848484848485,0.28169270920467093,0.3253787878787879,0.5946969696969697,0.4316442369285133,10.454545454545455,2.0454545454545454
sem_70_256,all_acts,N,5,28,0.36224489795918363,0.5661796536796537,0.4141918836500117,0.4471320346320346,0.7690476190476191,0.5744063240968854,5.071428571428571,1.6428571428571428
sem_70_256,all_acts,N,10,28,0.21925194320152303,0.6926406926406926,0.3143236956787377,0.4503787878787879,0.7690476190476191,0.6245822098230315,9.928571428571429,2.0714285714285716
sem_70_256,pil_acts,H,5,5,0.24158730158730157,0.4033333333333333,0.2950738150738151,0.35333333333333333,0.5,0.3696116096303845,6.6,1.6
sem_70_256,pil_acts,H,10,5,0.1912987012987013,0.5700000000000001,0.28455433455433454,0.35333333333333333,0.5222222222222223,0.4491794610557909,11.6,2.2
sem_70_256,pil_acts,L,5,5,0.17833333333333334,0.2733333333333333,0.20602175602175601,0.2733333333333333,0.65,0.3470116373229225,5.8,1.0
sem_70_256,pil_acts,L,10,5,0.15714285714285714,0.4966666666666667,0.22781954887218042,0.30666666666666664,0.65,0.44322276712743314,11.6,1.8
sem_70_256,pil_acts,N,5,7,0.3578231292517007,0.5337662337662338,0.3919149268902964,0.4266233766233766,0.719047619047619,0.5543826876642769,6.571428571428571,2.142857142857143
sem_70_256,pil_acts,N,10,7,0.2198030727442492,0.5467532467532468,0.2800585269072664,0.4396103896103896,0.719047619047619,0.5562778875386665,11.714285714285714,2.4285714285714284
sem_70_256,target_acts,H,5,22,0.27119408369408365,0.7583333333333333,0.3788587674951311,0.6181818181818182,0.8446969696969696,0.7198022435570239,5.454545454545454,1.4545454545454546
sem_70_256,target_acts,H,10,22,0.17790126540126538,0.8265151515151515,0.2801658531605056,0.6181818181818182,0.8446969696969696,0.749152639227324,9.454545454545455,1.6363636363636365
sem_70_256,target_acts,L,5,22,0.3093614718614719,0.38863636363636367,0.3210960756415302,0.2916666666666667,0.6022727272727273,0.40232754207792437,5.2272727272727275,1.5454545454545454
sem_70_256,target_acts,L,10,22,0.25798166479984663,0.6018939393939394,0.34303364100014816,0.33295454545454545,0.6163419913419914,0.48116663083243555,9.909090909090908,2.3636363636363638
sem_70_256,target_acts,N,5,28,0.36591682127396413,0.5661796536796537,0.41542101166485407,0.4649891774891775,0.7976190476190476,0.590972619800354,5.035714285714286,1.6428571428571428
sem_70_256,target_acts,N,10,28,0.2287898113790971,0.7176406926406926,0.3283349820114526,0.4682359307359308,0.7976190476190476,0.6497491864537487,9.821428571428571,2.1785714285714284
sem_70_64,all_acts,H,5,22,0.3416666666666667,0.7621212121212121,0.4428571428571429,0.7128787878787879,0.8863636363636364,0.771452186735808,4.318181818181818,1.4545454545454546
sem_70_64,all_acts,H,10,22,0.19242588219860945,0.7886363636363637,0.2962391144209326,0.7128787878787879,0.8863636363636364,0.7795161428382786,7.954545454545454,1.5454545454545454
sem_70_64,all_acts,L,5,22,0.34751082251082255,0.39621212121212124,0.34498758816940633,0.32651515151515154,0.6477272727272727,0.46379208000088057,4.590909090909091,1.5
sem_70_64,all_acts,L,10,22,0.2611962532417078,0.5393939393939394,0.32863172181354,0.3568181818181818,0.6542207792207791,0.49165148338758674,8.681818181818182,2.090909090909091
sem_70_64,all_acts,N,5,28,0.39345238095238094,0.5858225108225108,0.4432256235827664,0.45189393939393935,0.8214285714285714,0.6061903052857173,4.357142857142857,1.6428571428571428
sem_70_64,all_acts,N,10,28,0.2654207895279324,0.7325216450216451,0.3670965938823082,0.4640692640692641,0.8214285714285714,0.6694304456163058,8.285714285714286,2.142857142857143
sem_70_64,pil_acts,H,5,5,0.5,0.5866666666666667,0.530952380952381,0.5366666666666666,0.7333333333333333,0.6144241884394301,4.4,2.2
sem_70_64,pil_acts,H,10,5,0.27888888888888885,0.6366666666666666,0.382051282051282,0.5366666666666666,0.7333333333333333,0.6186203468887841,8.8,2.4
sem_70_64,pil_acts,L,5,5,0.25,0.31333333333333335,0.27191919191919195,0.31333333333333335,0.5066666666666666,0.3363639778319564,4.8,1.2
sem_70_64,pil_acts,L,10,5,0.1508080808080808,0.4133333333333334,0.21547619047619046,0.31333333333333335,0.5066666666666666,0.3772169683207135,9.6,1.4
sem_70_64,pil_acts,N,5,7,0.4261904761904762,0.5051948051948052,0.41428571428571426,0.43376623376623374,0.8571428571428571,0.6019937975348854,4.857142857142857,2.0
sem_70_64,pil_acts,N,10,7,0.2641774891774892,0.5467532467532468,0.30048998620427186,0.4467532467532468,0.8571428571428571,0.623075369110292,9.714285714285714,2.4285714285714284
sem_70_64,target_acts,H,5,22,0.3553030303030303,0.7621212121212121,0.45400432900432897,0.746969696969697,0.9469696969696969,0.8025233786377068,4.181818181818182,1.4545454545454546
sem_70_64,target_acts,H,10,22,0.2051423324150597,0.7886363636363637,0.3101739169920988,0.746969696969697,0.9469696969696969,0.8115370135991369,7.590909090909091,1.5454545454545454
sem_70_64,target_acts,L,5,22,0.3770562770562771,0.41893939393939394,0.3728407955680683,0.33409090909090905,0.6734848484848485,0.48370269505006325,4.454545454545454,1.5909090909090908
sem_70_64,target_acts,L,10,22,0.31090765295310746,0.6113636363636363,0.38813585404494494,0.371969696969697,0.6799783549783549,0.5366596436170875,8.045454545454545,2.3636363636363638
sem_70_64,target_acts,N,5,28,0.40654761904761905,0.5929653679653679,0.45294784580498865,0.4590367965367966,0.8392857142857143,0.6212904358204355,4.321428571428571,1.6785714285714286
sem_70_64,target_acts,N,10,28,0.27466372912801484,0.7414502164502165,0.3782883782883783,0.4712121212121212,0.8392857142857143,0.6815293624887054,8.107142857142858,2.1785714285714284
