config_id,search_scope,top_k,query_count,precision,recall,f1,r_precision,mrr,ndcg,retrieved_answer_unit_count,relevant_retrieved_count
fs_128_25,all_acts,5,72,0.22073173739840404,0.5483585858585859,0.28912133618015967,0.3224326599326599,0.5951554232804233,0.46755268419507373,7.569444444444445,1.5
fs_128_25,all_acts,10,72,0.1467504846971436,0.6740319865319866,0.22629969411829354,0.32727272727272727,0.5976126882376883,0.5135115861535547,13.805555555555555,1.9166666666666667
fs_128_25,pil_acts,5,17,0.20629240041004748,0.43618538324420675,0.26324924594820787,0.30971479500891264,0.5632352941176471,0.4042588094360691,9.882352941176471,1.7647058823529411
fs_128_25,pil_acts,10,17,0.15454958697992752,0.593939393939394,0.22506675471071758,0.3204099821746881,0.5677601809954752,0.4666736139613729,17.58823529411765,2.4705882352941178
fs_128_25,target_acts,5,72,0.2346949732366399,0.55993265993266,0.30411452654099713,0.3349326599326599,0.6045304232804233,0.47870024681287504,7.208333333333333,1.5416666666666667
fs_128_25,target_acts,10,72,0.16284055731133906,0.705513468013468,0.24968599106241005,0.3397727272727273,0.607308201058201,0.5346078956343464,12.958333333333334,2.0416666666666665
fs_256_50,all_acts,5,72,0.1621059425061618,0.5701178451178451,0.2359436552773756,0.2754419191919192,0.5491622574955908,0.4475660446053475,10.26388888888889,1.5555555555555556
fs_256_50,all_acts,10,72,0.11080260127056421,0.7007575757575757,0.17978273308820633,0.27922979797979797,0.552799823633157,0.49631307426439364,19.958333333333332,2.0833333333333335
fs_256_50,pil_acts,5,17,0.18278524021558076,0.5146167557932264,0.25435100270740413,0.2989304812834225,0.6127450980392156,0.4526571821952845,12.117647058823529,2.0
fs_256_50,pil_acts,10,17,0.11909893965734557,0.6277183600713013,0.18226926668491494,0.31497326203208553,0.6188141923436041,0.49375362418966645,24.235294117647058,2.7058823529411766
fs_256_50,target_acts,5,72,0.17632834553790436,0.6115530303030303,0.2573386386241133,0.3066919191919192,0.5960372574955908,0.4876475914416032,10.027777777777779,1.6944444444444444
fs_256_50,target_acts,10,72,0.12107197551207416,0.7491372053872054,0.19699073706695144,0.31047979797979797,0.5992779982363315,0.5382931437609554,19.02777777777778,2.236111111111111
fs_64_12,all_acts,5,72,0.2639109347442681,0.5318707912457913,0.32211264815431484,0.35548190235690236,0.6518849206349207,0.5011668942479857,6.027777777777778,1.3888888888888888
fs_64_12,all_acts,10,72,0.19574557727131256,0.6692445286195287,0.2846385611865488,0.36600378787878785,0.6592344576719577,0.5562401748161774,10.652777777777779,1.875
fs_64_12,pil_acts,5,17,0.28510737628384686,0.40998217468805703,0.3118773383479266,0.32468805704099823,0.5711484593837535,0.42280827964147594,6.823529411764706,1.588235294117647
fs_64_12,pil_acts,10,17,0.1862709186238598,0.502584670231729,0.254688734341803,0.3300356506238859,0.5753501400560225,0.46470127927192806,12.588235294117647,2.0588235294117645
fs_64_12,target_acts,5,72,0.30013227513227514,0.5635837542087542,0.3560663487746821,0.38765782828282824,0.6846230158730159,0.5354140165940572,5.680555555555555,1.4861111111111112
fs_64_12,target_acts,10,72,0.21702379750786613,0.714151936026936,0.3121635076453188,0.40095749158249155,0.6936507936507936,0.5936825482776276,10.069444444444445,2.013888888888889
hier_article,all_acts,5,72,0.29444444444444445,0.5440235690235691,0.3523996065662732,0.43754208754208757,0.7289351851851852,0.551171806906177,5.0,1.4722222222222223
hier_article,all_acts,10,72,0.1875,0.6586069023569023,0.2756279407321074,0.44448653198653193,0.7340443121693121,0.5962169228882291,10.0,1.875
hier_article,pil_acts,5,17,0.32941176470588235,0.4188057040998217,0.3465495289024701,0.359982174688057,0.6882352941176471,0.46762869680900065,5.0,1.6470588235294117
hier_article,pil_acts,10,17,0.21764705882352942,0.5648841354723708,0.29918929110105585,0.36978609625668446,0.6980392156862746,0.5252501469626701,10.0,2.176470588235294
hier_article,target_acts,5,72,0.3222222222222222,0.5891624579124579,0.38618487993487993,0.4630050505050505,0.7539351851851852,0.5862689777454858,5.0,1.6111111111111112
hier_article,target_acts,10,72,0.20277777777777778,0.703219696969697,0.2974310797227464,0.4705808080808081,0.7570601851851851,0.6329974547988914,10.0,2.0277777777777777
hier_paragraph,all_acts,5,72,0.3701388888888889,0.5903198653198652,0.41923762965429634,0.49309764309764303,0.8118055555555556,0.6210404218158879,4.486111111111111,1.625
hier_paragraph,all_acts,10,72,0.2188932980599647,0.6457491582491582,0.30532261570568026,0.5024621212121212,0.8141203703703703,0.6295171895741407,8.569444444444445,1.8194444444444444
hier_paragraph,pil_acts,5,17,0.4235294117647059,0.49919786096256685,0.4336176895000424,0.4795900178253119,0.8725490196078431,0.6009586319620022,4.647058823529412,1.9411764705882353
hier_paragraph,pil_acts,10,17,0.2349673202614379,0.5486631016042781,0.306548053464562,0.48493761140819963,0.8725490196078431,0.6034830460612501,9.411764705882353,2.176470588235294
hier_paragraph,target_acts,5,72,0.3900462962962963,0.6076809764309764,0.4401260776260776,0.5081439393939394,0.8256944444444445,0.6380524010062545,4.388888888888889,1.6805555555555556
hier_paragraph,target_acts,10,72,0.24632385361552028,0.6948232323232323,0.34022929852902967,0.5175084175084175,0.830324074074074,0.6616000646413434,8.305555555555555,1.9861111111111112
hier_paragraph_contextualized,all_acts,5,72,0.4164351851851852,0.5470959595959596,0.4342962849907294,0.5100589225589226,0.8344907407407408,0.6344109704390178,3.9027777777777777,1.4583333333333333
hier_paragraph_contextualized,all_acts,10,72,0.2718860229276896,0.6665824915824916,0.3572826093659427,0.5241056397306397,0.8402777777777778,0.6631096630530761,7.5,1.8888888888888888
hier_paragraph_contextualized,pil_acts,5,17,0.396078431372549,0.4700534759358289,0.41072206660441957,0.45534759358288773,0.8137254901960784,0.5652708743658948,4.588235294117647,1.7647058823529411
hier_paragraph_contextualized,pil_acts,10,17,0.2719421101774043,0.5731729055258468,0.3417425711543358,0.46336898395721926,0.8137254901960784,0.6090131695933885,8.705882352941176,2.235294117647059
hier_paragraph_contextualized,target_acts,5,72,0.4608796296296296,0.5938552188552189,0.48032803102247545,0.5371422558922558,0.8518518518518519,0.6710985236640028,3.8055555555555554,1.6111111111111112
hier_paragraph_contextualized,target_acts,10,72,0.2935185185185185,0.7029250841750841,0.3840762632429299,0.5535037878787878,0.8576388888888888,0.6963090170344727,7.347222222222222,2.0277777777777777
hier_subparagraph,all_acts,5,72,0.3509259259259259,0.5505050505050505,0.39281567198233863,0.4636994949494949,0.7717592592592593,0.5850204185218374,4.569444444444445,1.5416666666666667
hier_subparagraph,all_acts,10,72,0.2193121693121693,0.6363741582491582,0.30439090852397305,0.477114898989899,0.7740740740740741,0.6056751944121973,8.708333333333334,1.8472222222222223
hier_subparagraph,pil_acts,5,17,0.4264705882352941,0.5070409982174687,0.43431796961208724,0.48743315508021395,0.8725490196078431,0.6141588668595311,4.705882352941177,1.9411764705882353
hier_subparagraph,pil_acts,10,17,0.24330065359477124,0.568270944741533,0.3177819176396027,0.49278074866310156,0.8725490196078431,0.6147792212041623,9.352941176470589,2.235294117647059
hier_subparagraph,target_acts,5,72,0.37800925925925927,0.5833754208754208,0.42284212700879364,0.48036616161616164,0.7918981481481482,0.6127062413169692,4.486111111111111,1.6388888888888888
hier_subparagraph,target_acts,10,72,0.2403990299823633,0.6773463804713804,0.3332159415156727,0.49378156565656567,0.794212962962963,0.6375353389267746,8.472222222222221,1.9861111111111112
sem_50_128,all_acts,5,72,0.3437996031746032,0.577756734006734,0.4001369001369002,0.42590488215488215,0.7150462962962963,0.5657092664027831,4.694444444444445,1.5694444444444444
sem_50_128,all_acts,10,72,0.22875184229350895,0.6934974747474747,0.3200465706079242,0.43979377104377104,0.7206018518518519,0.6087889915917901,9.041666666666666,1.9722222222222223
sem_50_128,pil_acts,5,17,0.3686274509803922,0.5195187165775401,0.4049062049062049,0.3999108734402852,0.653921568627451,0.5203953073164861,5.470588235294118,2.0
sem_50_128,pil_acts,10,17,0.22754353489647605,0.5969696969696969,0.30965115424318457,0.3999108734402852,0.653921568627451,0.5506146662992175,10.411764705882353,2.3529411764705883
sem_50_128,target_acts,5,72,0.3620866402116402,0.601830808080808,0.42080488955488954,0.46155303030303035,0.7717592592592593,0.6057615093308866,4.694444444444445,1.6666666666666667
sem_50_128,target_acts,10,72,0.25573947657280993,0.734006734006734,0.3538904817802667,0.47544191919191925,0.7792989417989418,0.656284638829436,8.680555555555555,2.111111111111111
sem_50_256,all_acts,5,72,0.2801151394901395,0.5439078282828284,0.33854869056018483,0.42816708754208754,0.7064814814814815,0.5335550479687655,5.555555555555555,1.4305555555555556
sem_50_256,all_acts,10,72,0.1831398154314821,0.6670454545454545,0.269521240880245,0.43741582491582487,0.7080246913580246,0.5827375930816647,10.694444444444445,1.875
sem_50_256,pil_acts,5,17,0.2649414311179017,0.42370766488413547,0.30434259227362676,0.359982174688057,0.6073529411764705,0.42761368992406906,6.647058823529412,1.6470588235294117
sem_50_256,pil_acts,10,17,0.18079436902966317,0.5437611408199644,0.25269259969678837,0.3751336898395722,0.6073529411764705,0.47861085927212677,12.411764705882353,2.176470588235294
sem_50_256,target_acts,5,72,0.2925434904601571,0.5652041245791246,0.3548512151960428,0.4466856060606061,0.7319444444444445,0.5564860492339609,5.513888888888889,1.5
sem_50_256,target_acts,10,72,0.20429279439696107,0.7200547138047138,0.2989756753108146,0.45824915824915824,0.7359953703703703,0.6218661854297998,10.555555555555555,2.0694444444444446
sem_50_64,all_acts,5,72,0.36474867724867727,0.5817550505050505,0.4144847436514103,0.49332912457912453,0.7881944444444444,0.6131764224473226,4.402777777777778,1.5416666666666667
sem_50_64,all_acts,10,72,0.241577943661277,0.6906565656565656,0.3333067395567395,0.5073232323232323,0.7901785714285715,0.6488482870030712,8.319444444444445,1.9444444444444444
sem_50_64,pil_acts,5,17,0.396078431372549,0.4727272727272728,0.4067269331975214,0.4286096256684492,0.7176470588235294,0.5275233773000664,4.705882352941177,1.8235294117647058
sem_50_64,pil_acts,10,17,0.2351604278074866,0.533957219251337,0.2994745450627803,0.4339572192513369,0.7176470588235294,0.5494537741070313,9.411764705882353,2.1176470588235294
sem_50_64,target_acts,5,72,0.3823412698412698,0.5914772727272727,0.4295210191043524,0.5088383838383838,0.8215277777777777,0.6346264697792102,4.319444444444445,1.5833333333333333
sem_50_64,target_acts,10,72,0.2640546953046953,0.7161195286195287,0.35984624942958277,0.5251473063973064,0.8235119047619048,0.6770900697005029,7.958333333333333,2.0416666666666665
sem_70_128,all_acts,5,72,0.34310515873015873,0.5708122895622896,0.39867085075418407,0.4444234006734007,0.719675925925926,0.5678629565066212,4.652777777777778,1.5555555555555556
sem_70_128,all_acts,10,72,0.22876367459700792,0.6889835858585859,0.3190123039486575,0.45889099326599325,0.7275462962962963,0.6111590040476744,8.972222222222221,1.9444444444444444
sem_70_128,pil_acts,5,17,0.3607843137254902,0.5097147950089127,0.3979967744673627,0.3901069518716578,0.6490196078431373,0.5128208017068656,5.470588235294118,1.9411764705882353
sem_70_128,pil_acts,10,17,0.2235922574157868,0.5704991087344029,0.30149034158410204,0.3901069518716578,0.6490196078431373,0.5367235215613212,10.058823529411764,2.235294117647059
sem_70_128,target_acts,5,72,0.3613921957671958,0.5874789562289562,0.4162313766480433,0.4772937710437711,0.7780092592592592,0.6044597752749318,4.583333333333333,1.625
sem_70_128,target_acts,10,72,0.25531389906389906,0.7253261784511785,0.35131238404285525,0.48944654882154887,0.7858796296296297,0.6562368630710739,8.61111111111111,2.0833333333333335
sem_70_256,all_acts,5,72,0.30631062610229276,0.5493476430976432,0.3597694451142727,0.44031986531986533,0.7273148148148149,0.5488851536273747,5.25,1.4861111111111112
sem_70_256,all_acts,10,72,0.2002308897529486,0.6734111952861953,0.2886844670255403,0.45188341750841754,0.7287037037037037,0.5947452136264197,10.069444444444445,1.9166666666666667
sem_70_256,pil_acts,5,17,0.27084500466853406,0.4188057040998217,0.30875778492411354,0.359982174688057,0.634313725490196,0.43904676755391014,6.352941176470588,1.6470588235294117
sem_70_256,pil_acts,10,17,0.19298995890691392,0.5388591800356506,0.2660164179696141,0.3751336898395722,0.6408496732026143,0.4915268443345168,11.647058823529411,2.176470588235294
sem_70_256,target_acts,5,72,0.319692961359628,0.5706439393939394,0.37542770660586755,0.4588383838383839,0.7523148148148148,0.5726956755330385,5.222222222222222,1.5555555555555556
sem_70_256,target_acts,10,72,0.22216026643109976,0.7155408249158248,0.3181078939979869,0.4727167508417509,0.7566137566137566,0.6286111272502732,9.73611111111111,2.0694444444444446
sem_70_64,all_acts,5,72,0.3635912698412698,0.5817550505050505,0.4130958547625214,0.49332912457912453,0.7881944444444444,0.6131764224473226,4.416666666666667,1.5416666666666667
sem_70_64,all_acts,10,72,0.24182595953429287,0.6906565656565656,0.33369254202587534,0.5073232323232323,0.7901785714285715,0.6487463924198,8.305555555555555,1.9444444444444444
sem_70_64,pil_acts,5,17,0.396078431372549,0.4727272727272728,0.4067269331975214,0.4286096256684492,0.7176470588235294,0.5275233773000664,4.705882352941177,1.8235294117647058
sem_70_64,pil_acts,10,17,0.2351604278074866,0.533957219251337,0.2994745450627803,0.4339572192513369,0.7176470588235294,0.5494537741070313,9.411764705882353,2.1176470588235294
sem_70_64,target_acts,5,72,0.3818783068783069,0.5914772727272727,0.4287935058768392,0.5088383838383838,0.8215277777777777,0.6346264697792102,4.319444444444445,1.5833333333333333
sem_70_64,target_acts,10,72,0.26449561241227904,0.7161195286195287,0.3604845771512438,0.5251473063973064,0.8235119047619048,0.6769881751172319,7.930555555555555,2.0416666666666665
